Wk;Day;Date;Time;Home;xG;Score;xG;Away;Attendance;Venue;Referee;Match Report;Notes
1;Sat;sábado, 15 de abril de 2023;16:00;América (MG);1.1;0–3;3.1;Fluminense;6,653;Estádio Raimundo Sampaio;Braulio da Silva Machado;Match Report;
1;Sat;sábado, 15 de abril de 2023;16:00;Palmeiras;3.0;2–1;1.0;Cuiabá;35,835;Allianz Parque;Paulo Cesar Zanovelli da Silva;Match Report;
1;Sat;sábado, 15 de abril de 2023;18:30;Bragantino;2.0;2–1;0.7;Bahia;3,368;Estádio Nabi Abi Chedid;Maguielson Lima Barbosa;Match Report;
1;Sat;sábado, 15 de abril de 2023;18:30;Botafogo (RJ);0.9;2–1;2.0;São Paulo;11,708;Estádio Nilton Santos;Ramon Abatti Abel;Match Report;
1;Sat;sábado, 15 de abril de 2023;18:30;Ath Paranaense;0.8;2–0;1.0;Goiás;15,329;Estádio Joaquim Américo Guimarães;Rafael Rodrigo Klein;Match Report;
1;Sat;sábado, 15 de abril de 2023;18:30;Fortaleza;1.5;1–1;0.9;Internacional;30,191;Estádio Castelão;Edina Alves Batista;Match Report;
1;Sun;domingo, 16 de abril de 2023;16:00;Flamengo;1.4;3–0;0.4;Coritiba;42,848;Estadio Jornalista Mário Filho;Rodrigo José Pereira de Lima;Match Report;
1;Sun;domingo, 16 de abril de 2023;16:00;Corinthians;1.5;2–1;0.5;Cruzeiro;41,304;Neo Química Arena;Anderson Daronco;Match Report;
1;Sun;domingo, 16 de abril de 2023;18:30;Grêmio;1.6;1–0;1.2;Santos;13,997;Estádio Alfredo Jaconi;Wilton Sampaio;Match Report;
1;Sat;sábado, 15 de abril de 2023;21:00;Atlético Mineiro;1.5;1–2;1.5;Vasco da Gama;34,98;Estádio Governador Magalhães Pinto;Raphael Claus;Match Report;
2;Sat;sábado, 22 de abril de 2023;16:00;Fluminense;0.8;2–0;0.6;Ath Paranaense;38,598;Estadio Jornalista Mário Filho;Paulo Cesar Zanovelli da Silva;Match Report;
2;Sat;sábado, 22 de abril de 2023;17:30 (18:30);Cuiabá;1.2;1–1;0.9;Bragantino;9,267;Arena Pantanal;Caio Max Augusto Vieira;Match Report;
2;Sat;sábado, 22 de abril de 2023;18:30;São Paulo;2.4;3–0;1.1;América (MG);41,006;Estádio do Morumbi;Wagner do Nascimento Magalhães;Match Report;
2;Sun;domingo, 23 de abril de 2023;11:00;Internacional;1.1;2–1;1.5;Flamengo;45,751;Estádio José Pinheiro Borba;Ramon Abatti Abel;Match Report;
2;Sun;domingo, 23 de abril de 2023;16:00;Vasco da Gama;1.4;2–2;0.7;Palmeiras;59,867;Estádio Club de Regatas Vasco da Gama;Rafael Rodrigo Klein;Match Report;
2;Sun;domingo, 23 de abril de 2023;16:00;Santos;0.8;0–0;1.2;Atlético Mineiro;11,233;Estádio Urbano Caldeira;Braulio da Silva Machado;Match Report;
2;Sun;domingo, 23 de abril de 2023;18:30;Coritiba;0.7;0–3;2.6;Fortaleza;24,423;Estádio Major Antônio Couto Pereira;Wilton Sampaio;Match Report;
2;Sun;domingo, 23 de abril de 2023;19:00;Goiás;1.2;3–1;0.5;Corinthians;8,508;Estádio de Hailé Pinheiro;Bruno Arleu de Araujo;Match Report;
2;Sat;sábado, 22 de abril de 2023;21:00;Cruzeiro;1.5;1–0;0.8;Grêmio;21,605;Estádio Raimundo Sampaio;Flavio Rodrigues de Souza;Match Report;
2;Mon;segunda-feira, 24 de abril de 2023;20:00;Bahia;0.9;1–2;0.2;Botafogo (RJ);27,822;Itaipava Arena Fonte Nova;Raphael Claus;Match Report;
3;Sat;sábado, 29 de abril de 2023;16:30;Coritiba;1.8;1–1;1.1;São Paulo;25,21;Estádio Major Antônio Couto Pereira;Rafael Rodrigo Klein;Match Report;
3;Sat;sábado, 29 de abril de 2023;16:30;Fortaleza;5.3;4–2;1.5;Fluminense;39,943;Estádio Castelão;Raphael Claus;Match Report;
3;Sat;sábado, 29 de abril de 2023;18:30;Bragantino;1.5;0–3;2.0;Cruzeiro;4,829;Estádio Nabi Abi Chedid;Braulio da Silva Machado;Match Report;
3;Sat;sábado, 29 de abril de 2023;18:30;Santos;1.8;3–2;1.8;América (MG);11,844;Estádio Urbano Caldeira;Anderson Daronco;Match Report;
3;Sat;sábado, 29 de abril de 2023;18:30;Palmeiras;1.4;2–1;0.5;Corinthians;41,457;Allianz Parque;Wilton Sampaio;Match Report;
3;Sun;domingo, 30 de abril de 2023;16:00;Flamengo;3.1;2–3;1.9;Botafogo (RJ);53,138;Estadio Jornalista Mário Filho;Edina Alves Batista;Match Report;
3;Sun;domingo, 30 de abril de 2023;17:30 (18:30);Cuiabá;1.2;1–2;1.7;Grêmio;21,385;Arena Pantanal;Bruno Arleu de Araujo;Match Report;
3;Sun;domingo, 30 de abril de 2023;18:30;Internacional;0.9;1–0;0.8;Goiás;29,193;Estádio José Pinheiro Borba;Rodrigo José Pereira de Lima;Match Report;
3;Sat;sábado, 29 de abril de 2023;21:00;Atlético Mineiro;2.0;2–1;0.6;Ath Paranaense;15,037;Estádio Raimundo Sampaio;Ramon Abatti Abel;Match Report;
3;Mon;segunda-feira, 1 de maio de 2023;20:00;Vasco da Gama;0.9;0–1;1.1;Bahia;19,223;Estádio Club de Regatas Vasco da Gama;Flavio Rodrigues de Souza;Match Report;
4;Sat;sábado, 6 de maio de 2023;16:00;Cruzeiro;1.6;2–1;1.0;Santos;21,191;Estádio Raimundo Sampaio;Bruno Arleu de Araujo;Match Report;
4;Sun;domingo, 7 de maio de 2023;11:00;América (MG);1.4;1–2;0.5;Cuiabá;5,228;Estádio Raimundo Sampaio;Denis da Silva Ribeiro Serafim;Match Report;
4;Sun;domingo, 7 de maio de 2023;16:00;Ath Paranaense;1.0;2–1;1.5;Flamengo;32,949;Estádio Joaquim Américo Guimarães;Raphael Claus;Match Report;
4;Sun;domingo, 7 de maio de 2023;16:00;São Paulo;1.9;2–0;0.8;Internacional;46,093;Estádio do Morumbi;Braulio da Silva Machado;Match Report;
4;Sun;domingo, 7 de maio de 2023;16:00;Bahia;1.5;3–1;0.4;Coritiba;37,936;Itaipava Arena Fonte Nova;Bruno Mota Correia;Match Report;
4;Sun;domingo, 7 de maio de 2023;18:30;Botafogo (RJ);2.0;2–0;0.5;Atlético Mineiro;18,218;Estádio Nilton Santos;Flavio Rodrigues de Souza;Match Report;
4;Sun;domingo, 7 de maio de 2023;18:30;Grêmio;1.7;3–3;1.8;Bragantino;23,76;Arena do Grêmio;Paulo Cesar Zanovelli da Silva;Match Report;
4;Sun;domingo, 7 de maio de 2023;18:30;Goiás;0.7;0–5;2.0;Palmeiras;13,789;Estádio de Hailé Pinheiro;Wagner do Nascimento Magalhães;Match Report;
4;Sat;sábado, 6 de maio de 2023;21:00;Fluminense;1.8;1–1;0.7;Vasco da Gama;39,85;Estadio Jornalista Mário Filho;Wilton Sampaio;Match Report;
4;Mon;segunda-feira, 8 de maio de 2023;20:00;Corinthians;1.5;1–1;0.8;Fortaleza;36,512;Neo Química Arena;Ramon Abatti Abel;Match Report;
5;Wed;quarta-feira, 10 de maio de 2023;19:00;Internacional;1.0;0–2;1.5;Ath Paranaense;13,537;Estádio José Pinheiro Borba;Bruno Arleu de Araujo;Match Report;
5;Wed;quarta-feira, 10 de maio de 2023;19:00;Bragantino;1.7;2–2;2.0;América (MG);2,909;Estádio Nabi Abi Chedid;Rafael Rodrigo Klein;Match Report;
5;Wed;quarta-feira, 10 de maio de 2023;19:00 (20:00);Cuiabá;0.2;0–4;2.8;Atlético Mineiro;12,029;Arena Pantanal;Wilton Sampaio;Match Report;
5;Wed;quarta-feira, 10 de maio de 2023;19:00;Santos;2.0;3–0;1.3;Bahia;7,262;Estádio Urbano Caldeira;Wagner do Nascimento Magalhães;Match Report;
5;Wed;quarta-feira, 10 de maio de 2023;20:00;Flamengo;2.6;2–0;0.7;Goiás;44,948;Estadio Jornalista Mário Filho;Savio Pereira;Match Report;
5;Thu;quinta-feira, 11 de maio de 2023;19:00;Coritiba;1.0;1–1;0.8;Vasco da Gama;20,88;Estádio Major Antônio Couto Pereira;Ramon Abatti Abel;Match Report;
5;Thu;quinta-feira, 11 de maio de 2023;19:30;Botafogo (RJ);2.6;3–0;0.6;Corinthians;22,388;Estádio Nilton Santos;Anderson Daronco;Match Report;
5;Thu;quinta-feira, 11 de maio de 2023;20:00;Fortaleza;0.8;0–0;0.8;São Paulo;37,775;Estádio Castelão;Paulo Cesar Zanovelli da Silva;Match Report;
5;Wed;quarta-feira, 10 de maio de 2023;21:30;Palmeiras;3.8;4–1;0.1;Grêmio;37,532;Allianz Parque;Braulio da Silva Machado;Match Report;
5;Wed;quarta-feira, 10 de maio de 2023;21:30;Cruzeiro;2.1;0–2;1.2;Fluminense;51,846;Estádio Governador Magalhães Pinto;Flavio de Souza;Match Report;
6;Sat;sábado, 13 de maio de 2023;16:00;Bahia;1.4;2–3;2.2;Flamengo;48,502;Itaipava Arena Fonte Nova;Paulo Cesar Zanovelli da Silva;Match Report;
6;Sat;sábado, 13 de maio de 2023;18:30;Fluminense;0.9;2–0;0.9;Cuiabá;39,04;Estadio Jornalista Mário Filho;Edina Alves Batista;Match Report;
6;Sat;sábado, 13 de maio de 2023;18:30;Palmeiras;1.6;1–1;1.0;Bragantino;39,488;Allianz Parque;Savio Pereira;Match Report;
6;Sun;domingo, 14 de maio de 2023;16:00;Grêmio;0.8;0–0;0.6;Fortaleza;17,396;Arena do Grêmio;Bruno Mota Correia;Match Report;
6;Sun;domingo, 14 de maio de 2023;16:00;Vasco da Gama;1.7;0–1;0.6;Santos;18,476;Estádio Club de Regatas Vasco da Gama;Rodrigo José Pereira de Lima;Match Report;
6;Sun;domingo, 14 de maio de 2023;16:00;Corinthians;0.9;1–1;0.9;São Paulo;41,118;Neo Química Arena;Bruno Arleu de Araujo;Match Report;
6;Sun;domingo, 14 de maio de 2023;18:30;Ath Paranaense;2.9;3–2;0.4;Coritiba;17,608;Estádio Joaquim Américo Guimarães;Flavio Rodrigues de Souza;Match Report;
6;Sun;domingo, 14 de maio de 2023;18:30;América (MG);1.3;0–4;2.6;Cruzeiro;4,295;Estádio Raimundo Sampaio;Wilton Sampaio;Match Report;
6;Sun;domingo, 14 de maio de 2023;18:30;Goiás;1.9;2–1;1.5;Botafogo (RJ);6,674;Estádio de Hailé Pinheiro;Rafael Rodrigo Klein;Match Report;
6;Sat;sábado, 13 de maio de 2023;21:00;Atlético Mineiro;2.0;2–0;0.3;Internacional;36,08;Estádio Club de Regatas Vasco da Gama;Raphael Claus;Match Report;
7;Sat;sábado, 20 de maio de 2023;16:00;Bahia;2.3;1–1;0.9;Goiás;32,519;Itaipava Arena Fonte Nova;Denis da Silva Ribeiro Serafim;Match Report;
7;Sat;sábado, 20 de maio de 2023;18:30;Bragantino;1.7;2–0;1.1;Ath Paranaense;3,769;Estádio Nabi Abi Chedid;Felipe Fernandes de Lima;Match Report;
7;Sat;sábado, 20 de maio de 2023;18:30;Coritiba;1.0;1–2;1.5;Atlético Mineiro;20,047;Estádio Major Antônio Couto Pereira;Rodrigo José Pereira de Lima;Match Report;
7;Sat;sábado, 20 de maio de 2023;18:30;Botafogo (RJ);1.4;1–0;0.9;Fluminense;24,732;Estádio Nilton Santos;Braulio da Silva Machado;Match Report;
7;Sat;sábado, 20 de maio de 2023;18:30;América (MG);0.8;2–1;1.2;Fortaleza;2,488;Estádio Raimundo Sampaio;Luiz Flávio de Oliveira;Match Report;
7;Sat;sábado, 20 de maio de 2023;18:30;São Paulo;2.3;4–2;1.1;Vasco da Gama;57,399;Estádio do Morumbi;Leandro Pedro Vuaden;Match Report;
7;Sun;domingo, 21 de maio de 2023;16:00;Flamengo;0.6;1–0;1.2;Corinthians;64,871;Estadio Jornalista Mário Filho;Rafael Rodrigo Klein;Match Report;
7;Sun;domingo, 21 de maio de 2023;18:30;Grêmio;1.7;3–1;1.5;Internacional;39,438;Arena do Grêmio;Flavio Rodrigues de Souza;Match Report;
7;Sat;sábado, 20 de maio de 2023;21:00;Santos;0.4;0–0;0.4;Palmeiras;12,641;Estádio Urbano Caldeira;Raphael Claus;Match Report;
7;Mon;segunda-feira, 22 de maio de 2023;20:00;Cruzeiro;1.2;0–1;1.2;Cuiabá;15,722;Estádio Joaquim Henrique Nogueirão;Savio Pereira;Match Report;
8;Sat;sábado, 27 de maio de 2023;16:00;Fortaleza;1.5;2–0;0.7;Vasco da Gama;37,625;Estádio Castelão;Edina Alves Batista;Match Report;
8;Sat;sábado, 27 de maio de 2023;16:00;Ath Paranaense;1.3;1–2;0.7;Grêmio;25,966;Estádio Joaquim Américo Guimarães;Savio Pereira;Match Report;
8;Sat;sábado, 27 de maio de 2023;17:30 (18:30);Cuiabá;0.7;1–1;1.0;Coritiba;8,66;Arena Pantanal;Denis da Silva Ribeiro Serafim;Match Report;
8;Sat;sábado, 27 de maio de 2023;18:30;Flamengo;2.0;1–1;1.2;Cruzeiro;65,27;Estadio Jornalista Mário Filho;Luiz Flávio de Oliveira;Match Report;
8;Sun;domingo, 28 de maio de 2023;16:00;Corinthians;1.4;2–0;1.3;Fluminense;34,624;Neo Química Arena;Leandro Pedro Vuaden;Match Report;
8;Sun;domingo, 28 de maio de 2023;16:00;Internacional;0.9;2–0;1.1;Bahia;19,037;Estádio José Pinheiro Borba;Wagner do Nascimento Magalhães;Match Report;
8;Sun;domingo, 28 de maio de 2023;18:30;Bragantino;1.5;2–0;0.3;Santos;5,988;Estádio Nabi Abi Chedid;Anderson Daronco;Match Report;
8;Sun;domingo, 28 de maio de 2023;18:30;Atlético Mineiro;0.8;1–1;1.1;Palmeiras;53,236;Estádio Governador Magalhães Pinto;Braulio da Silva Machado;Match Report;
8;Sun;domingo, 28 de maio de 2023;19:00;Botafogo (RJ);2.1;2–0;0.4;América (MG);23,708;Estádio Nilton Santos;Raphael Claus;Match Report;
8;Sat;sábado, 27 de maio de 2023;21:00;São Paulo;0.9;2–1;0.3;Goiás;45,429;Estádio do Morumbi;Rafael Rodrigo Klein;Match Report;
9;Sat;sábado, 3 de junho de 2023;16:00;Fortaleza;0.6;0–0;0.3;Bahia;38,338;Estádio Castelão;João Vitor Gobi;Match Report;
9;Sat;sábado, 3 de junho de 2023;18:30;Cruzeiro;1.8;0–1;0.6;Atlético Mineiro;34,344;Estádio Municipal João Havelange;Savio Pereira;Match Report;
9;Sat;sábado, 3 de junho de 2023;18:30;Ath Paranaense;0.9;1–0;0.6;Botafogo (RJ);18,684;Estádio Joaquim Américo Guimarães;Vinicius Gonçalves Dias Araujo;Match Report;
9;Sat;sábado, 3 de junho de 2023;18:30;América (MG);1.4;2–0;1.2;Corinthians;6,701;Estádio Raimundo Sampaio;Anderson Daronco;Match Report;
9;Sun;domingo, 4 de junho de 2023;16:00;Fluminense;1.1;2–1;0.6;Bragantino;27,228;Estadio Jornalista Mário Filho;Rodrigo José Pereira de Lima;Match Report;
9;Sun;domingo, 4 de junho de 2023;16:00;Grêmio;1.9;2–1;1.1;São Paulo;42,207;Arena do Grêmio;Wilton Sampaio;Match Report;
9;Sun;domingo, 4 de junho de 2023;18:30;Goiás;0.4;0–1;1.2;Cuiabá;6,987;Estádio de Hailé Pinheiro;Marcelo de Lima Henrique;Match Report;
9;Sun;domingo, 4 de junho de 2023;18:30;Palmeiras;2.5;3–1;0.6;Coritiba;33,57;Allianz Parque;Felipe Fernandes de Lima;Match Report;
9;Sat;sábado, 3 de junho de 2023;21:00;Santos;1.4;1–1;1.1;Internacional;9,6;Estádio Urbano Caldeira;Paulo Cesar Zanovelli da Silva;Match Report;
9;Mon;segunda-feira, 5 de junho de 2023;20:00;Vasco da Gama;1.5;1–4;1.1;Flamengo;46,423;Estadio Jornalista Mário Filho;Braulio Machado;Match Report;
10;Sat;sábado, 10 de junho de 2023;16:00;Coritiba;1.2;0–0;0.8;Santos;25,987;Estádio Major Antônio Couto Pereira;Bruno Mota Correia;Match Report;
10;Sat;sábado, 10 de junho de 2023;18:30;Bahia;1.4;2–2;2.4;Cruzeiro;34,019;Itaipava Arena Fonte Nova;Rodrigo José Pereira de Lima;Match Report;
10;Sat;sábado, 10 de junho de 2023;18:30;Atlético Mineiro;1.7;1–1;0.5;Bragantino;28,786;Estádio Governador Magalhães Pinto;Rafael Rodrigo Klein;Match Report;
10;Sat;sábado, 10 de junho de 2023;18:30;Corinthians;1.4;1–1;0.7;Cuiabá;40,512;Neo Química Arena;André Luiz Skettino Policarpo Bento;Match Report;
10;Sun;domingo, 11 de junho de 2023;11:00;América (MG);1.9;2–2;0.8;Ath Paranaense;5,902;Estádio Governador Magalhães Pinto;João Vitor Gobi;Match Report;
10;Sun;domingo, 11 de junho de 2023;16:00;Internacional;1.6;2–1;0.9;Vasco da Gama;18,044;Estádio José Pinheiro Borba;Edina Alves Batista;Match Report;
10;Sun;domingo, 11 de junho de 2023;16:00;São Paulo;1.4;0–2;0.7;Palmeiras;56,871;Estádio do Morumbi;Raphael Claus;Match Report;
10;Sun;domingo, 11 de junho de 2023;18:30;Flamengo;1.9;3–0;2.0;Grêmio;62,967;Estadio Jornalista Mário Filho;Savio Pereira;Match Report;
10;Sun;domingo, 11 de junho de 2023;18:30;Goiás;2.1;2–2;1.3;Fluminense;10,26;Estádio de Hailé Pinheiro;Leandro Pedro Vuaden;Match Report;
10;Sat;sábado, 10 de junho de 2023;21:00;Botafogo (RJ);3.7;2–0;0.4;Fortaleza;19,297;Estádio Nilton Santos;Wilton Sampaio;Match Report;
11;Wed;quarta-feira, 21 de junho de 2023;19:00;São Paulo;0.6;2–1;1.2;Ath Paranaense;22,882;Estádio do Morumbi;Savio Pereira;Match Report;
11;Wed;quarta-feira, 21 de junho de 2023;19:00;Cruzeiro;1.1;0–1;1.8;Fortaleza;28,494;Estádio Governador Magalhães Pinto;Bruno Arleu de Araujo;Match Report;
11;Wed;quarta-feira, 21 de junho de 2023;20:00;Santos;0.8;0–2;1.3;Corinthians;12,499;Estádio Urbano Caldeira;Leandro Pedro Vuaden;Match Report;
11;Thu;quinta-feira, 22 de junho de 2023;19:00;Grêmio;2.4;3–1;0.8;América (MG);15,864;Arena do Grêmio;Edina Alves Batista;Match Report;
11;Thu;quinta-feira, 22 de junho de 2023;19:00 (20:00);Cuiabá;1.1;0–1;1.2;Botafogo (RJ);13,981;Arena Pantanal;Flavio Rodrigues de Souza;Match Report;
11;Thu;quinta-feira, 22 de junho de 2023;20:00;Vasco da Gama;1.7;0–1;0.4;Goiás;17,647;Estádio Club de Regatas Vasco da Gama;Jean Pierre Goncalves Lima;Match Report;
11;Thu;quinta-feira, 22 de junho de 2023;20:00;Coritiba;1.5;0–1;0.9;Internacional;25,983;Estádio Major Antônio Couto Pereira;André Luiz Skettino Policarpo Bento;Match Report;
11;Wed;quarta-feira, 21 de junho de 2023;21:30;Bahia;1.1;1–0;0.8;Palmeiras;31,013;Itaipava Arena Fonte Nova;Wilton Sampaio;Match Report;
11;Wed;quarta-feira, 21 de junho de 2023;21:30;Fluminense;0.4;1–1;1.4;Atlético Mineiro;7,788;Estádio General Sílvio Raulino de Olivei...;Ramon Abatti Abel;Match Report;
11;Thu;quinta-feira, 22 de junho de 2023;21:30;Bragantino;3.3;4–0;0.8;Flamengo;10,103;Estádio Nabi Abi Chedid;Anderson Daronco;Match Report;
12;Sat;sábado, 24 de junho de 2023;16:00;Ath Paranaense;2.7;1–0;0.9;Corinthians;30,144;Estádio Joaquim Américo Guimarães;Wagner do Nascimento Magalhães;Match Report;
12;Sat;sábado, 24 de junho de 2023;18:30;Fluminense;3.0;2–1;1.0;Bahia;24,507;Estadio Jornalista Mário Filho;Savio Pereira;Match Report;
12;Sat;sábado, 24 de junho de 2023;18:30;Fortaleza;0.8;2–1;1.0;Atlético Mineiro;27,109;Estádio Castelão;Leandro Pedro Vuaden;Match Report;
12;Sun;domingo, 25 de junho de 2023;16:00;Grêmio;3.4;5–1;1.1;Coritiba;37,048;Arena do Grêmio;João Vitor Gobi;Match Report;
12;Sun;domingo, 25 de junho de 2023;16:00;Palmeiras;2.6;0–1;0.8;Botafogo (RJ);38,877;Allianz Parque;Anderson Daronco;Match Report;
12;Sun;domingo, 25 de junho de 2023;18:30;Bragantino;1.7;2–0;0.2;Goiás;3,798;Estádio Nabi Abi Chedid;Bruno Mota Correia;Match Report;
12;Sun;domingo, 25 de junho de 2023;18:30;América (MG);1.3;1–2;1.0;Internacional;2,249;Estádio Raimundo Sampaio;Flavio Rodrigues de Souza;Match Report;
12;Sun;domingo, 25 de junho de 2023;18:30;Santos;1.8;2–3;0.8;Flamengo;;Estádio Urbano Caldeira;Wilton Sampaio;Match Report;
12;Sat;sábado, 24 de junho de 2023;21:00;Cruzeiro;0.5;1–0;1.4;São Paulo;17,478;Estádio Governador Magalhães Pinto;Ramon Abatti;Match Report;
12;Mon;segunda-feira, 26 de junho de 2023;21:00;Vasco da Gama;1.7;1–0;0.6;Cuiabá;;Estádio Club de Regatas Vasco da Gama;Rafael Rodrigo Klein;Match Report;
13;Sat;sábado, 1 de julho de 2023;16:00;São Paulo;1.1;1–0;0.2;Fluminense;49,153;Estádio do Morumbi;Anderson Daronco;Match Report;
13;Sat;sábado, 1 de julho de 2023;18:30;Bahia;1.9;1–2;2.9;Grêmio;34,09;Itaipava Arena Fonte Nova;Marcelo de Lima Henrique;Match Report;
13;Sat;sábado, 1 de julho de 2023;18:30;Flamengo;1.3;2–0;1.6;Fortaleza;64,853;Estadio Jornalista Mário Filho;Savio Pereira;Match Report;
13;Sun;domingo, 2 de julho de 2023;11:00;Corinthians;0.6;0–1;0.9;Bragantino;42,404;Neo Química Arena;Edina Alves Batista;Match Report;
13;Sun;domingo, 2 de julho de 2023;16:00;Botafogo (RJ);1.7;2–0;0.9;Vasco da Gama;38,798;Estádio Nilton Santos;Raphael Claus;Match Report;
13;Sun;domingo, 2 de julho de 2023;16:00;Atlético Mineiro;1.3;2–2;2.6;América (MG);34,507;Estádio Governador Magalhães Pinto;Wilton Sampaio;Match Report;
13;Sun;domingo, 2 de julho de 2023;16:00;Ath Paranaense;3.5;2–2;1.6;Palmeiras;33,118;Estádio Joaquim Américo Guimarães;Jean Pierre Goncalves Lima;Match Report;
13;Sun;domingo, 2 de julho de 2023;17:30 (18:30);Cuiabá;1.1;3–0;0.3;Santos;13,477;Arena Pantanal;Bruno Mota Correia;Match Report;
13;Sat;sábado, 1 de julho de 2023;21:00;Internacional;2.0;0–0;1.0;Cruzeiro;23,923;Estádio José Pinheiro Borba;Wagner do Nascimento Magalhães;Match Report;
13;Mon;segunda-feira, 3 de julho de 2023;20:00;Goiás;1.9;1–2;0.9;Coritiba;10,394;Estádio de Hailé Pinheiro;Denis da Silva Ribeiro Serafim;Match Report;
14;Sat;sábado, 8 de julho de 2023;15:00 (16:00);Cuiabá;1.5;1–1;0.3;Bahia;10,149;Arena Pantanal;Wagner do Nascimento Magalhães;Match Report;
14;Sat;sábado, 8 de julho de 2023;16:00;Vasco da Gama;1.3;0–1;0.7;Cruzeiro;;Estádio Club de Regatas Vasco da Gama;Savio Pereira;Match Report;
14;Sat;sábado, 8 de julho de 2023;18:30;Atlético Mineiro;1.4;0–1;0.8;Corinthians;21,086;Estádio Governador Magalhães Pinto;Rodrigo José Pereira de Lima;Match Report;
14;Sat;sábado, 8 de julho de 2023;18:30;Coritiba;1.9;3–1;1.1;América (MG);24,653;Estádio Major Antônio Couto Pereira;Rafael Rodrigo Klein;Match Report;
14;Sun;domingo, 9 de julho de 2023;11:00;Santos;2.4;4–3;1.9;Goiás;;Estádio Urbano Caldeira;Bruno Arleu de Araujo;Match Report;
14;Sun;domingo, 9 de julho de 2023;16:00;Bragantino;1.6;0–0;0.5;São Paulo;9,411;Estádio Nabi Abi Chedid;Raphael Claus;Match Report;
14;Sun;domingo, 9 de julho de 2023;16:00;Fluminense;1.1;2–0;0.4;Internacional;34,166;Estadio Jornalista Mário Filho;Luiz Flávio de Oliveira;Match Report;
14;Sun;domingo, 9 de julho de 2023;18:30;Fortaleza;1.5;1–0;1.2;Ath Paranaense;36,399;Estádio Castelão;André Luiz Skettino Policarpo Bento;Match Report;
14;Sun;domingo, 9 de julho de 2023;18:30;Grêmio;1.6;0–2;1.1;Botafogo (RJ);47,029;Arena do Grêmio;Flavio de Souza;Match Report;
14;Sat;sábado, 8 de julho de 2023;21:00;Palmeiras;1.1;1–1;0.8;Flamengo;40,229;Allianz Parque;Ramon Abatti;Match Report;
15;Sun;domingo, 16 de julho de 2023;11:00;Cruzeiro;0.8;0–0;1.1;Coritiba;22,123;Estádio Governador Magalhães Pinto;Leandro Pedro Vuaden;Match Report;
15;Sun;domingo, 16 de julho de 2023;16:00;São Paulo;3.2;4–1;1.1;Santos;58,127;Estádio do Morumbi;Braulio Machado;Match Report;
15;Sun;domingo, 16 de julho de 2023;16:00;Fortaleza;0.9;0–1;0.7;Cuiabá;43,048;Estádio Castelão;Yuri Elino Ferreira da Cruz;Match Report;
15;Sun;domingo, 16 de julho de 2023;16:00;Fluminense;1.5;0–0;0.4;Flamengo;62,354;Estadio Jornalista Mário Filho;Savio Pereira;Match Report;
15;Sun;domingo, 16 de julho de 2023;18:30;Ath Paranaense;2.2;2–0;1.0;Bahia;17,091;Estádio Joaquim Américo Guimarães;Rafael Rodrigo Klein;Match Report;
15;Sun;domingo, 16 de julho de 2023;18:30;Internacional;0.5;0–0;1.4;Palmeiras;41,823;Estádio José Pinheiro Borba;Rodrigo José Pereira de Lima;Match Report;
15;Sat;sábado, 15 de julho de 2023;21:00;Botafogo (RJ);1.0;2–0;1.4;Bragantino;37,036;Estádio Nilton Santos;Anderson Daronco;Match Report;
15;Mon;segunda-feira, 17 de julho de 2023;20:00;Goiás;1.5;0–0;0.2;Atlético Mineiro;12,303;Estádio de Hailé Pinheiro;Raphael Claus;Match Report;
16;Sat;sábado, 22 de julho de 2023;16:00;Palmeiras;1.4;3–1;1.5;Fortaleza;39,699;Allianz Parque;Rafael Rodrigo Klein;Match Report;
16;Sat;sábado, 22 de julho de 2023;16:00;Flamengo;2.5;1–1;1.3;América (MG);60,402;Estadio Jornalista Mário Filho;Rodrigo José Pereira de Lima;Match Report;
16;Sat;sábado, 22 de julho de 2023;17:30 (18:30);Cuiabá;2.2;2–1;0.9;São Paulo;34,072;Arena Pantanal;Bruno Mota Correia;Match Report;
16;Sat;sábado, 22 de julho de 2023;18:30;Bahia;1.4;0–0;0.1;Corinthians;43,716;Itaipava Arena Fonte Nova;André Luiz Skettino Policarpo Bento;Match Report;
16;Sun;domingo, 23 de julho de 2023;16:00;Santos;0.9;2–2;1.0;Botafogo (RJ);;Estádio Urbano Caldeira;Ramon Abatti Abel;Match Report;
16;Sun;domingo, 23 de julho de 2023;16:00;Cruzeiro;1.1;0–1;0.3;Goiás;21,688;Estádio Governador Magalhães Pinto;Caio Max Augusto Vieira;Match Report;
16;Sun;domingo, 23 de julho de 2023;16:00;Bragantino;1.0;0–0;0.9;Internacional;6,446;Estádio Nabi Abi Chedid;Maguielson Lima Barbosa;Match Report;
16;Sun;domingo, 23 de julho de 2023;18:30;Vasco da Gama;1.5;0–2;1.3;Ath Paranaense;;Estádio Club de Regatas Vasco da Gama;Paulo Zanovelli;Match Report;
16;Sat;sábado, 22 de julho de 2023;21:00;Grêmio;0.7;1–0;0.9;Atlético Mineiro;37,085;Arena do Grêmio;Luiz Flávio de Oliveira;Match Report;
16;Mon;segunda-feira, 24 de julho de 2023;19:00;Coritiba;1.9;2–0;1.0;Fluminense;32,872;Estádio Major Antônio Couto Pereira;Flavio de Souza;Match Report;
17;Sat;sábado, 29 de julho de 2023;16:00;Ath Paranaense;3.0;3–3;1.8;Cruzeiro;22,73;Estádio Joaquim Américo Guimarães;Yuri Elino Ferreira da Cruz;Match Report;
17;Sat;sábado, 29 de julho de 2023;16:00;Internacional;1.0;1–2;1.0;Cuiabá;32,02;Estádio José Pinheiro Borba;Matheus Delgado Candançan;Match Report;
17;Sat;sábado, 29 de julho de 2023;16:00;Fluminense;2.0;1–0;0.1;Santos;34,211;Estadio Jornalista Mário Filho;Rodrigo José Pereira de Lima;Match Report;
17;Sat;sábado, 29 de julho de 2023;18:30;Corinthians;1.3;3–1;1.7;Vasco da Gama;;Neo Química Arena;Leandro Pedro Vuaden;Match Report;
17;Sat;sábado, 29 de julho de 2023;18:30;Fortaleza;1.0;0–3;2.1;Bragantino;26,124;Estádio Castelão;André Luiz Skettino Policarpo Bento;Match Report;
17;Sun;domingo, 30 de julho de 2023;11:00;São Paulo;1.8;0–0;0.5;Bahia;56,078;Estádio do Morumbi;Ramon Abatti;Match Report;
17;Sun;domingo, 30 de julho de 2023;16:00;América (MG);1.4;1–4;0.9;Palmeiras;5,928;Estádio Raimundo Sampaio;Braulio Machado;Match Report;
17;Sun;domingo, 30 de julho de 2023;16:00;Botafogo (RJ);0.9;4–1;1.2;Coritiba;43,071;Estádio Nilton Santos;João Vitor Gobi;Match Report;
17;Sun;domingo, 30 de julho de 2023;18:30;Goiás;0.8;1–1;0.3;Grêmio;12,311;Estádio de Hailé Pinheiro;Paulo Zanovelli;Match Report;
17;Sat;sábado, 29 de julho de 2023;21:00;Atlético Mineiro;0.9;1–2;1.8;Flamengo;22,441;Estádio Raimundo Sampaio;Flavio de Souza;Match Report;
18;Sat;sábado, 5 de agosto de 2023;16:00;Santos;1.1;1–1;0.2;Ath Paranaense;;Estádio Urbano Caldeira;André Luiz Skettino Policarpo Bento;Match Report;
18;Sat;sábado, 5 de agosto de 2023;18:30;Goiás;0.9;1–0;0.7;Fortaleza;8,384;Estádio de Hailé Pinheiro;Leandro Pedro Vuaden;Match Report;
18;Sat;sábado, 5 de agosto de 2023;18:30;Internacional;1.5;2–2;1.1;Corinthians;22,509;Estádio José Pinheiro Borba;Wagner do Nascimento Magalhães;Match Report;
18;Sun;domingo, 6 de agosto de 2023;16:00;São Paulo;0.9;0–2;1.9;Atlético Mineiro;53,46;Estádio do Morumbi;Rodrigo José Pereira de Lima;Match Report;
18;Sun;domingo, 6 de agosto de 2023;16:00;Vasco da Gama;1.8;1–0;1.5;Grêmio;;Estádio Club de Regatas Vasco da Gama;Luiz Flávio de Oliveira;Match Report;
18;Sun;domingo, 6 de agosto de 2023;18:30;Cruzeiro;0.9;0–0;0.1;Botafogo (RJ);44,759;Estádio Governador Magalhães Pinto;Raphael Claus;Match Report;
18;Sun;domingo, 6 de agosto de 2023;18:30;Bahia;1.7;3–1;0.4;América (MG);34,313;Itaipava Arena Fonte Nova;Matheus Delgado Candançan;Match Report;
18;Sun;domingo, 6 de agosto de 2023;18:30;Coritiba;0.5;0–1;1.0;Bragantino;34,01;Estádio Major Antônio Couto Pereira;Yuri Elino Ferreira da Cruz;Match Report;
18;Sun;domingo, 6 de agosto de 2023;19:00 (20:00);Cuiabá;1.9;3–0;0.8;Flamengo;33,091;Arena Pantanal;Anderson Daronco;Match Report;
18;Sat;sábado, 5 de agosto de 2023;21:00;Fluminense;2.6;2–1;1.0;Palmeiras;77,973;Estadio Jornalista Mário Filho;Ramon Abatti Abel;Match Report;
19;Sun;domingo, 13 de agosto de 2023;11:00;Atlético Mineiro;1.1;1–0;0.6;Bahia;29,847;Estádio Governador Magalhães Pinto;Savio Pereira;Match Report;
19;Sun;domingo, 13 de agosto de 2023;16:00;América (MG);0.9;0–1;0.5;Goiás;2,888;Estádio Raimundo Sampaio;Luiz Flávio de Oliveira;Match Report;
19;Sun;domingo, 13 de agosto de 2023;16:00;Grêmio;1.2;2–1;1.0;Fluminense;38,712;Arena do Grêmio;Rodrigo José Pereira de Lima;Match Report;
19;Sun;domingo, 13 de agosto de 2023;16:00;Corinthians;2.4;3–1;0.8;Coritiba;42,171;Neo Química Arena;Ramon Abatti Abel;Match Report;
19;Sun;domingo, 13 de agosto de 2023;18:30;Fortaleza;2.6;4–0;0.5;Santos;32,301;Estádio Castelão;Bruno Mota Correia;Match Report;
19;Sun;domingo, 13 de agosto de 2023;18:30;Flamengo;1.4;1–1;0.8;São Paulo;62,018;Estadio Jornalista Mário Filho;Rafael Rodrigo Klein;Match Report;
19;Sat;sábado, 12 de agosto de 2023;21:00;Botafogo (RJ);2.3;3–1;1.7;Internacional;39,598;Estádio Nilton Santos;Flavio Rodrigues de Souza;Match Report;
19;Mon;segunda-feira, 14 de agosto de 2023;19:00;Palmeiras;1.4;1–0;0.6;Cruzeiro;38,555;Allianz Parque;Wagner do Nascimento Magalhães;Match Report;
19;Tue;terça-feira, 15 de agosto de 2023;20:00;Ath Paranaense;0.8;2–0;1.1;Cuiabá;18,444;Estádio Joaquim Américo Guimarães;Arthur Gomes Rabelo;Match Report;
19;Mon;segunda-feira, 14 de agosto de 2023;21:00;Bragantino;1.6;1–1;1.5;Vasco da Gama;5,553;Estádio Nabi Abi Chedid;Anderson Daronco;Match Report;
20;Sat;sábado, 19 de agosto de 2023;16:00;São Paulo;0.7;0–0;0.9;Botafogo (RJ);51,946;Estádio do Morumbi;Ramon Abatti;Match Report;
20;Sat;sábado, 19 de agosto de 2023;16:00;Internacional;1.0;0–1;1.1;Fortaleza;21,134;Estádio José Pinheiro Borba;Yuri Elino Ferreira da Cruz;Match Report;
20;Sat;sábado, 19 de agosto de 2023;17:30 (18:30);Cuiabá;0.7;0–2;1.7;Palmeiras;19,115;Arena Pantanal;André Luiz Skettino Policarpo Bento;Match Report;
20;Sat;sábado, 19 de agosto de 2023;18:30;Fluminense;1.2;3–1;1.4;América (MG);35,562;Estadio Jornalista Mário Filho;Flavio de Souza;Match Report;
20;Sun;domingo, 20 de agosto de 2023;11:00;Vasco da Gama;1.9;1–0;0.7;Atlético Mineiro;53,54;Estádio Club de Regatas Vasco da Gama;Braulio da Silva Machado;Match Report;
20;Sun;domingo, 20 de agosto de 2023;16:00;Santos;1.7;2–1;0.4;Grêmio;;Estádio Urbano Caldeira;Paulo Cesar Zanovelli da Silva;Match Report;
20;Sun;domingo, 20 de agosto de 2023;16:00;Bahia;1.8;4–0;0.7;Bragantino;38,452;Itaipava Arena Fonte Nova;Arthur Gomes Rabelo;Match Report;
20;Sun;domingo, 20 de agosto de 2023;16:00;Coritiba;2.6;2–3;1.9;Flamengo;31,851;Estádio Major Antônio Couto Pereira;Raphael Claus;Match Report;
20;Sat;sábado, 19 de agosto de 2023;21:00;Cruzeiro;2.0;1–1;0.6;Corinthians;36,202;Estádio Governador Magalhães Pinto;Rafael Rodrigo Klein;Match Report;
20;Mon;segunda-feira, 21 de agosto de 2023;20:00;Goiás;1.0;1–1;1.0;Ath Paranaense;8,325;Estádio de Hailé Pinheiro;Marcelo de Lima Henrique;Match Report;
21;Sat;sábado, 26 de agosto de 2023;18:30;Flamengo;0.7;0–0;0.3;Internacional;58,892;Estadio Jornalista Mário Filho;Edina Alves Batista;Match Report;
21;Sun;domingo, 27 de agosto de 2023;11:00;Bragantino;1.5;2–0;0.5;Cuiabá;3,683;Estádio Nabi Abi Chedid;Bruno Mota Correia;Match Report;
21;Sun;domingo, 27 de agosto de 2023;16:00;Atlético Mineiro;1.6;2–0;0.7;Santos;29,782;Arena MRV;Rafael Rodrigo Klein;Match Report;
21;Sun;domingo, 27 de agosto de 2023;16:00;Botafogo (RJ);2.3;3–0;1.2;Bahia;39,61;Estádio Nilton Santos;Flavio de Souza;Match Report;
21;Sun;domingo, 27 de agosto de 2023;16:00;América (MG);1.3;2–1;1.4;São Paulo;5,105;Estádio Raimundo Sampaio;Rodrigo José Pereira de Lima;Match Report;
21;Sun;domingo, 27 de agosto de 2023;18:30;Palmeiras;0.7;1–0;0.1;Vasco da Gama;40,292;Allianz Parque;Wilton Sampaio;Match Report;
21;Sun;domingo, 27 de agosto de 2023;18:30;Ath Paranaense;0.8;2–2;3.0;Fluminense;23,63;Estádio Joaquim Américo Guimarães;Raphael Claus;Match Report;
21;Sun;domingo, 27 de agosto de 2023;18:30;Fortaleza;2.5;3–1;1.0;Coritiba;12,467;Estádio Castelão;Matheus Delgado Candançan;Match Report;
21;Sun;domingo, 27 de agosto de 2023;19:00;Grêmio;1.5;3–0;0.6;Cruzeiro;52,203;Arena do Grêmio;Marcelo de Lima Henrique;Match Report;
21;Sat;sábado, 26 de agosto de 2023;21:00;Corinthians;1.0;1–1;1.8;Goiás;37,316;Neo Química Arena;Paulo Cesar Zanovelli da Silva;Match Report;
22;Sat;sábado, 2 de setembro de 2023;16:00;Ath Paranaense;2.0;1–1;0.4;Atlético Mineiro;18,009;Estádio Joaquim Américo Guimarães;Flavio de Souza;Match Report;
22;Sat;sábado, 2 de setembro de 2023;16:00;Goiás;0.9;0–0;0.7;Internacional;11,038;Estádio de Hailé Pinheiro;Braulio Machado;Match Report;
22;Sun;domingo, 3 de setembro de 2023;11:00;Grêmio;0.7;2–0;1.1;Cuiabá;39,339;Arena do Grêmio;Yuri Elino Ferreira da Cruz;Match Report;
22;Sun;domingo, 3 de setembro de 2023;16:00;Corinthians;0.8;0–0;0.7;Palmeiras;44,371;Neo Química Arena;Anderson Daronco;Match Report;
22;Sun;domingo, 3 de setembro de 2023;16:00;Fluminense;0.6;1–0;0.9;Fortaleza;10,035;Estadio Jornalista Mário Filho;André Luiz Skettino Policarpo Bento;Match Report;
22;Sun;domingo, 3 de setembro de 2023;18:30;Cruzeiro;1.2;0–0;1.2;Bragantino;29,417;Estádio Governador Magalhães Pinto;Wagner do Nascimento Magalhães;Match Report;
22;Sun;domingo, 3 de setembro de 2023;18:30;Bahia;1.7;1–1;1.1;Vasco da Gama;46,705;Itaipava Arena Fonte Nova;Ramon Abatti;Match Report;
22;Sun;domingo, 3 de setembro de 2023;18:30;América (MG);1.6;2–0;1.0;Santos;3,654;Estádio Raimundo Sampaio;Leandro Pedro Vuaden;Match Report;
22;Sat;sábado, 2 de setembro de 2023;21:00;Botafogo (RJ);1.1;1–2;0.8;Flamengo;40,769;Estádio Nilton Santos;Raphael Claus;Match Report;
23;Thu;quinta-feira, 14 de setembro de 2023;19:00;Santos;0.5;0–3;1.4;Cruzeiro;12,244;Estádio Urbano Caldeira;Braulio da Silva Machado;Match Report;
23;Thu;quinta-feira, 14 de setembro de 2023;19:00;Fortaleza;2.6;2–1;0.4;Corinthians;32,69;Estádio Castelão;Rodrigo José Pereira de Lima;Match Report;
23;Thu;quinta-feira, 14 de setembro de 2023;20:00;Coritiba;1.3;2–4;3.8;Bahia;22,961;Estádio Major Antônio Couto Pereira;Wagner do Nascimento Magalhães;Match Report;
23;Wed;quarta-feira, 13 de setembro de 2023;21:30;Internacional;1.0;2–1;1.4;São Paulo;20,763;Estádio José Pinheiro Borba;Paulo Zanovelli;Match Report;
23;Wed;quarta-feira, 13 de setembro de 2023;21:30;Flamengo;0.5;0–3;2.3;Ath Paranaense;20,67;Estadio Jornalista Mário Filho;Rafael Rodrigo Klein;Match Report;
23;Fri;sexta-feira, 15 de setembro de 2023;19:00 (20:00);Cuiabá;1.7;2–2;0.4;América (MG);8,509;Arena Pantanal;Bruno Arleu;Match Report;
23;Thu;quinta-feira, 14 de setembro de 2023;21:30;Bragantino;1.3;2–0;1.3;Grêmio;5,088;Estádio Nabi Abi Chedid;André Luiz Skettino Policarpo Bento;Match Report;
23;Sat;sábado, 16 de setembro de 2023;16:00;Vasco da Gama;1.4;4–2;1.9;Fluminense;35,85;Estádio Club de Regatas Vasco da Gama;Raphael Claus;Match Report;
23;Fri;sexta-feira, 15 de setembro de 2023;21:30;Palmeiras;1.0;1–0;0.4;Goiás;38,146;Allianz Parque;Savio Pereira;Match Report;
23;Sat;sábado, 16 de setembro de 2023;21:00;Atlético Mineiro;1.3;1–0;0.1;Botafogo (RJ);31,729;Arena MRV;Ramon Abatti;Match Report;
24;Mon;segunda-feira, 18 de setembro de 2023;20:00;Bahia;0.9;1–2;2.6;Santos;41,431;Itaipava Arena Fonte Nova;Ramon Abatti;Match Report;
15;Mon;segunda-feira, 18 de setembro de 2023;21:00;Corinthians;1.8;4–4;1.1;Grêmio;35,796;Neo Química Arena;Wilton Sampaio;Match Report;
24;Wed;quarta-feira, 20 de setembro de 2023;19:00;Goiás;0.1;0–0;0.5;Flamengo;13,799;Estádio de Hailé Pinheiro;Raphael Claus;Match Report;
24;Tue;terça-feira, 19 de setembro de 2023;21:30;América (MG);1.2;0–2;1.8;Bragantino;2,247;Estádio Raimundo Sampaio;Marcelo de Lima Henrique;Match Report;
24;Thu;quinta-feira, 21 de setembro de 2023;19:00;Vasco da Gama;3.5;5–1;0.5;Coritiba;20,321;Estádio Club de Regatas Vasco da Gama;Flavio de Souza;Match Report;
24;Thu;quinta-feira, 21 de setembro de 2023;19:30;Ath Paranaense;0.9;2–1;0.8;Internacional;24,871;Estádio Joaquim Américo Guimarães;Wagner do Nascimento Magalhães;Match Report;
24;Wed;quarta-feira, 20 de setembro de 2023;21:30;Fluminense;0.5;1–0;0.7;Cruzeiro;28,985;Estadio Jornalista Mário Filho;Matheus Delgado Candançan;Match Report;
24;Wed;quarta-feira, 20 de setembro de 2023;21:30;São Paulo;1.6;1–2;1.1;Fortaleza;24,777;Estádio do Morumbi;Yuri Elino Ferreira da Cruz;Match Report;
24;Fri;sexta-feira, 22 de setembro de 2023;20:00;Corinthians;1.1;1–0;0.5;Botafogo (RJ);37,237;Neo Química Arena;Paulo Zanovelli;Match Report;
24;Thu;quinta-feira, 21 de setembro de 2023;21:30;Grêmio;0.4;1–0;1.0;Palmeiras;29,057;Arena do Grêmio;Bruno Arleu;Match Report;
24;Sat;sábado, 23 de setembro de 2023;21:00;Atlético Mineiro;0.6;1–0;0.4;Cuiabá;36,104;Arena MRV;Rodrigo José Pereira de Lima;Match Report;
15;Mon;segunda-feira, 25 de setembro de 2023;20:00;América (MG);1.6;0–1;0.8;Vasco da Gama;8,498;Estádio Raimundo Sampaio;Ramon Abatti;Match Report;
22;Wed;quarta-feira, 27 de setembro de 2023;19:00;São Paulo;1.6;2–1;0.8;Coritiba;31,72;Estádio do Morumbi;Savio Pereira;Match Report;
25;Sat;sábado, 30 de setembro de 2023;16:00;Fortaleza;1.9;1–1;1.5;Grêmio;23,634;Estádio Castelão;Raphael Claus;Match Report;
25;Sat;sábado, 30 de setembro de 2023;16:00;Flamengo;1.4;1–0;0.5;Bahia;46,472;Estadio Jornalista Mário Filho;Savio Pereira;Match Report;
25;Sat;sábado, 30 de setembro de 2023;17:30 (18:30);Cuiabá;1.2;3–0;0.2;Fluminense;8,358;Arena Pantanal;Paulo Zanovelli;Match Report;
25;Sat;sábado, 30 de setembro de 2023;18:30;São Paulo;2.3;2–1;0.2;Corinthians;56,735;Estádio do Morumbi;Flavio de Souza;Match Report;
25;Sun;domingo, 1 de outubro de 2023;16:00;Coritiba;0.5;2–0;0.9;Ath Paranaense;20,992;Estádio Major Antônio Couto Pereira;Bruno Arleu;Match Report;
25;Sun;domingo, 1 de outubro de 2023;16:00;Santos;2.4;4–1;0.9;Vasco da Gama;;Estádio Urbano Caldeira;Anderson Daronco;Match Report;
25;Sun;domingo, 1 de outubro de 2023;16:00;Cruzeiro;0.6;1–1;1.0;América (MG);44,279;Estádio Governador Magalhães Pinto;Leandro Pedro Vuaden;Match Report;
25;Sun;domingo, 1 de outubro de 2023;18:30;Bragantino;2.9;2–1;1.5;Palmeiras;9,093;Estádio Nabi Abi Chedid;Wagner do Nascimento Magalhães;Match Report;
25;Sat;sábado, 30 de setembro de 2023;21:00;Internacional;0.8;0–2;1.4;Atlético Mineiro;23,937;Estádio José Pinheiro Borba;Ramon Abatti;Match Report;
25;Mon;segunda-feira, 2 de outubro de 2023;20:00;Botafogo (RJ);0.9;1–1;0.5;Goiás;34,294;Estádio Nilton Santos;Braulio da Silva Machado;Match Report;
26;Sat;sábado, 7 de outubro de 2023;16:00;Goiás;2.7;4–6;2.0;Bahia;9,001;Estádio de Hailé Pinheiro;Raphael Claus;Match Report;
26;Sat;sábado, 7 de outubro de 2023;18:30;Vasco da Gama;0.9;0–0;1.4;São Paulo;20,69;Estádio Club de Regatas Vasco da Gama;Braulio Machado;Match Report;
26;Sun;domingo, 8 de outubro de 2023;16:00;Fluminense;1.1;0–2;1.9;Botafogo (RJ);45,193;Estadio Jornalista Mário Filho;Leandro Pedro Vuaden;Match Report;
26;Sun;domingo, 8 de outubro de 2023;16:00;Palmeiras;2.1;1–2;1.4;Santos;17,049;Allianz Parque;Flavio de Souza;Match Report;
26;Sun;domingo, 8 de outubro de 2023;16:00;Internacional;2.5;3–2;0.4;Grêmio;39,133;Estádio José Pinheiro Borba;Paulo Zanovelli;Match Report;
26;Sun;domingo, 8 de outubro de 2023;18:30;Ath Paranaense;1.7;1–1;0.6;Bragantino;15,388;Estádio Joaquim Américo Guimarães;Yuri Elino Ferreira da Cruz;Match Report;
26;Sun;domingo, 8 de outubro de 2023;18:30;Fortaleza;2.2;3–2;1.4;América (MG);23,83;Estádio Castelão;Bruno Arleu;Match Report;
26;Sun;domingo, 8 de outubro de 2023;18:30;Atlético Mineiro;0.6;1–2;0.8;Coritiba;38,35;Arena MRV;Marcelo de Lima Henrique;Match Report;
26;Sat;sábado, 7 de outubro de 2023;21:00;Corinthians;1.0;1–1;0.9;Flamengo;40,8;Neo Química Arena;Anderson Daronco;Match Report;
26;Sat;sábado, 14 de outubro de 2023;20:00 (21:00);Cuiabá;0.9;0–0;0.5;Cruzeiro;12,1;Arena Pantanal;Rodrigo José Pereira de Lima;Match Report;
27;Wed;quarta-feira, 18 de outubro de 2023;19:00;Grêmio;1.6;1–2;0.9;Ath Paranaense;24,679;Arena do Grêmio;Luiz Flávio de Oliveira;Match Report;
27;Wed;quarta-feira, 18 de outubro de 2023;20:00;Coritiba;1.4;0–3;0.4;Cuiabá;20,873;Estádio Major Antônio Couto Pereira;Denis da Silva Ribeiro Serafim;Match Report;
27;Wed;quarta-feira, 18 de outubro de 2023;20:00;América (MG);2.9;1–2;0.5;Botafogo (RJ);6,23;Estádio Raimundo Sampaio;Anderson Daronco;Match Report;
27;Thu;quinta-feira, 19 de outubro de 2023;19:00;Cruzeiro;0.3;0–2;1.8;Flamengo;37,073;Estádio Governador Magalhães Pinto;Rafael Rodrigo Klein;Match Report;
27;Thu;quinta-feira, 19 de outubro de 2023;19:00;Palmeiras;0.7;0–2;1.1;Atlético Mineiro;27,718;Allianz Parque;Bruno Arleu;Match Report;
27;Thu;quinta-feira, 19 de outubro de 2023;20:00;Santos;1.8;1–3;2.4;Bragantino;12,85;Estádio Urbano Caldeira;Raphael Claus;Match Report;
27;Wed;quarta-feira, 18 de outubro de 2023;21:30;Bahia;2.0;1–0;0.6;Internacional;31,385;Itaipava Arena Fonte Nova;Marcelo de Lima Henrique;Match Report;
27;Wed;quarta-feira, 18 de outubro de 2023;21:30;Vasco da Gama;2.0;1–0;0.7;Fortaleza;20,255;Estádio Club de Regatas Vasco da Gama;Leandro Pedro Vuaden;Match Report;
27;Wed;quarta-feira, 18 de outubro de 2023;21:30;Goiás;0.5;2–0;0.5;São Paulo;12,685;Estádio de Hailé Pinheiro;Rodrigo José Pereira de Lima;Match Report;
27;Thu;quinta-feira, 19 de outubro de 2023;21:30;Fluminense;1.9;3–3;2.1;Corinthians;35,096;Estadio Jornalista Mário Filho;Paulo Zanovelli;Match Report;
28;Sat;sábado, 21 de outubro de 2023;17:30 (18:30);Cuiabá;1.3;1–1;1.8;Goiás;14,956;Arena Pantanal;Anderson Daronco;Match Report;
28;Sat;sábado, 21 de outubro de 2023;18:30;São Paulo;3.2;3–0;0.1;Grêmio;47,132;Estádio do Morumbi;André Luiz Skettino Policarpo Bento;Match Report;
28;Sat;sábado, 21 de outubro de 2023;18:30;Bahia;1.2;2–0;0.5;Fortaleza;44,761;Itaipava Arena Fonte Nova;Rodrigo José Pereira de Lima;Match Report;
28;Sun;domingo, 22 de outubro de 2023;15:00;Botafogo (RJ);0.9;1–1;1.1;Ath Paranaense;;Estádio Nilton Santos;Matheus Delgado Candançan;Match Report;
28;Sun;domingo, 22 de outubro de 2023;16:00;Atlético Mineiro;0.6;0–1;0.9;Cruzeiro;42,058;Arena MRV;Ramon Abatti;Match Report;
28;Sun;domingo, 22 de outubro de 2023;16:00;Internacional;1.6;7–1;1.6;Santos;36,584;Estádio José Pinheiro Borba;Paulo Zanovelli;Match Report;
28;Sun;domingo, 22 de outubro de 2023;16:00;Flamengo;0.5;1–0;1.1;Vasco da Gama;69,473;Estadio Jornalista Mário Filho;Raphael Claus;Match Report;
28;Sun;domingo, 22 de outubro de 2023;18:30;Corinthians;1.3;1–1;0.7;América (MG);38,121;Neo Química Arena;Yuri Elino Ferreira da Cruz;Match Report;
28;Sun;domingo, 22 de outubro de 2023;18:30;Coritiba;0.6;0–2;1.1;Palmeiras;19,387;Estádio Major Antônio Couto Pereira;Rafael Rodrigo Klein;Match Report;
28;Sun;domingo, 22 de outubro de 2023;18:30;Bragantino;2.2;1–0;0.5;Fluminense;6,813;Estádio Nabi Abi Chedid;Wilton Pereira Sampaio;Match Report;
29;Wed;quarta-feira, 25 de outubro de 2023;19:00;Ath Paranaense;3.1;3–2;0.9;América (MG);20,672;Estádio Joaquim Américo Guimarães;Anderson Daronco;Match Report;
29;Wed;quarta-feira, 25 de outubro de 2023;19:00;Bragantino;1.9;1–2;1.4;Atlético Mineiro;5,494;Estádio Nabi Abi Chedid;Marcelo de Lima Henrique;Match Report;
29;Wed;quarta-feira, 25 de outubro de 2023;19:00;Fluminense;2.7;5–3;0.6;Goiás;4,793;Estadio Jornalista Mário Filho;Leandro Pedro Vuaden;Match Report;
29;Wed;quarta-feira, 25 de outubro de 2023;20:00;Cruzeiro;2.0;3–0;0.3;Bahia;36,104;Estádio Governador Magalhães Pinto;Flavio de Souza;Match Report;
29;Wed;quarta-feira, 25 de outubro de 2023;20:00;Palmeiras;2.4;5–0;0.1;São Paulo;32,618;Allianz Parque;Raphael Claus;Match Report;
29;Thu;quinta-feira, 26 de outubro de 2023;19:00;Vasco da Gama;1.0;1–2;1.6;Internacional;20,098;Estádio Club de Regatas Vasco da Gama;Luiz Flávio de Oliveira;Match Report;
29;Wed;quarta-feira, 25 de outubro de 2023;20:30 (21:30);Cuiabá;0.6;0–1;1.4;Corinthians;36,62;Arena Pantanal;André Luiz Skettino Policarpo Bento;Match Report;
29;Wed;quarta-feira, 25 de outubro de 2023;21:30;Grêmio;1.0;3–2;1.1;Flamengo;22,325;Arena do Grêmio;Rodrigo José Pereira de Lima;Match Report;
29;Thu;quinta-feira, 26 de outubro de 2023;21:30;Santos;2.2;2–1;0.8;Coritiba;12,205;Estádio Urbano Caldeira;Wagner Magalhães;Match Report;
30;Sat;sábado, 28 de outubro de 2023;19:00;América (MG);2.4;3–4;2.1;Grêmio;3,008;Estádio Raimundo Sampaio;Matheus Delgado Candançan;Match Report;
30;Sat;sábado, 28 de outubro de 2023;19:00;Palmeiras;1.7;1–0;0.1;Bahia;33,747;Allianz Parque;Rodrigo José Pereira de Lima;Match Report;
30;Sun;domingo, 29 de outubro de 2023;16:00;Ath Paranaense;1.2;1–1;0.6;São Paulo;27,604;Estádio Joaquim Américo Guimarães;Rafael Rodrigo Klein;Match Report;
30;Sun;domingo, 29 de outubro de 2023;16:00;Goiás;1.1;1–1;0.9;Vasco da Gama;12,904;Estádio de Hailé Pinheiro;Flavio de Souza;Match Report;
30;Sun;domingo, 29 de outubro de 2023;18:30;Corinthians;1.2;1–1;1.3;Santos;42,248;Neo Química Arena;Anderson Daronco;Match Report;
30;Sun;domingo, 29 de outubro de 2023;18:30;Internacional;2.7;3–4;2.7;Coritiba;36,272;Estádio José Pinheiro Borba;André Luiz Skettino Policarpo Bento;Match Report;
30;Sun;domingo, 29 de outubro de 2023;20:00;Botafogo (RJ);2.0;0–1;1.1;Cuiabá;30,659;Estádio Nilton Santos;Wilton Pereira Sampaio;Match Report;
30;Sat;sábado, 28 de outubro de 2023;22:00;Atlético Mineiro;1.2;2–0;0.8;Fluminense;23,003;Estádio Governador Magalhães Pinto;Raphael Claus;Match Report;
31;Tue;terça-feira, 31 de outubro de 2023;19:00;Bahia;0.5;1–0;0.7;Fluminense;34,319;Itaipava Arena Fonte Nova;Edina Alves Batista;Match Report;
31;Wed;quarta-feira, 1 de novembro de 2023;19:00;Corinthians;1.0;1–0;0.8;Ath Paranaense;29,87;Neo Química Arena;Leandro Pedro Vuaden;Match Report;
31;Wed;quarta-feira, 1 de novembro de 2023;19:00;Internacional;1.3;1–1;0.3;América (MG);14,961;Estádio José Pinheiro Borba;Flavio de Souza;Match Report;
31;Wed;quarta-feira, 1 de novembro de 2023;20:00;Coritiba;1.5;1–2;1.4;Grêmio;24,308;Estádio Major Antônio Couto Pereira;Marcelo de Lima Henrique;Match Report;
31;Wed;quarta-feira, 1 de novembro de 2023;20:00;Flamengo;1.2;1–2;0.6;Santos;64,708;Estadio Jornalista Mário Filho;Rafael Rodrigo Klein;Match Report;
31;Thu;quinta-feira, 2 de novembro de 2023;16:00 (17:00);Cuiabá;0.6;0–2;1.4;Vasco da Gama;27,604;Arena Pantanal;Ramon Abatti;Match Report;
31;Thu;quinta-feira, 2 de novembro de 2023;18:00;Goiás;1.4;0–2;3.1;Bragantino;10,182;Estádio de Hailé Pinheiro;Rodrigo José Pereira de Lima;Match Report;
31;Thu;quinta-feira, 2 de novembro de 2023;20:00;São Paulo;0.7;1–0;1.0;Cruzeiro;50,57;Estádio do Morumbi;Wilton Pereira Sampaio;Match Report;
31;Wed;quarta-feira, 1 de novembro de 2023;21:30;Atlético Mineiro;2.3;3–1;0.4;Fortaleza;28,898;Estádio Governador Magalhães Pinto;Matheus Delgado Candançan;Match Report;
31;Wed;quarta-feira, 1 de novembro de 2023;21:30;Botafogo (RJ);3.5;3–4;1.7;Palmeiras;34,913;Estádio Nilton Santos;Braulio da Silva Machado;Match Report;
32;Sat;sábado, 4 de novembro de 2023;19:30;Grêmio;0.5;1–0;0.9;Bahia;40,154;Arena do Grêmio;Braulio Machado;Match Report;
32;Sat;sábado, 4 de novembro de 2023;19:30;América (MG);1.4;1–1;1.0;Atlético Mineiro;5,706;Estádio Raimundo Sampaio;Rodrigo José Pereira de Lima;Match Report;
32;Sun;domingo, 5 de novembro de 2023;16:00;Cruzeiro;1.4;1–2;0.6;Internacional;36,801;Estádio Governador Magalhães Pinto;Matheus Delgado Candançan;Match Report;
32;Sun;domingo, 5 de novembro de 2023;16:00;Fortaleza;0.8;0–2;0.7;Flamengo;49,324;Estádio Castelão;Anderson Daronco;Match Report;
32;Sun;domingo, 5 de novembro de 2023;16:00;Bragantino;1.1;1–0;0.3;Corinthians;10,797;Estádio Nabi Abi Chedid;Raphael Claus;Match Report;
32;Sun;domingo, 5 de novembro de 2023;18:30;Coritiba;0.3;0–1;1.3;Goiás;12,942;Estádio Major Antônio Couto Pereira;Rafael Rodrigo Klein;Match Report;
32;Sat;sábado, 4 de novembro de 2023;21:30;Palmeiras;1.5;1–0;0.6;Ath Paranaense;17,301;Allianz Parque;Wilton Pereira Sampaio;Match Report;
32;Mon;segunda-feira, 6 de novembro de 2023;19:00;Vasco da Gama;0.5;1–0;0.5;Botafogo (RJ);21,043;Estádio Club de Regatas Vasco da Gama;Leandro Pedro Vuaden;Match Report;
32;Mon;segunda-feira, 6 de novembro de 2023;21:00;Santos;0.1;0–0;0.5;Cuiabá;12,923;Estádio Urbano Caldeira;Savio Pereira;Match Report;
33;Wed;quarta-feira, 8 de novembro de 2023;19:00;América (MG);0.4;0–3;0.9;Coritiba;1,943;Estádio Raimundo Sampaio;Marcelo de Lima Henrique;Match Report;
33;Wed;quarta-feira, 8 de novembro de 2023;19:00;Internacional;1.1;0–0;0.5;Fluminense;18,669;Estádio José Pinheiro Borba;Rodrigo José Pereira de Lima;Match Report;
33;Wed;quarta-feira, 8 de novembro de 2023;20:00;São Paulo;2.0;1–0;0.5;Bragantino;11,948;Estádio do Morumbi;Flavio de Souza;Match Report;
33;Wed;quarta-feira, 8 de novembro de 2023;20:00;Ath Paranaense;1.2;1–1;0.7;Fortaleza;19,831;Estádio Joaquim Américo Guimarães;Raphael Claus;Match Report;
33;Thu;quinta-feira, 9 de novembro de 2023;19:00;Corinthians;1.5;1–1;1.1;Atlético Mineiro;30,348;Neo Química Arena;Braulio da Silva Machado;Match Report;
33;Thu;quinta-feira, 9 de novembro de 2023;19:00;Goiás;0.8;0–1;0.9;Santos;11,836;Estádio de Hailé Pinheiro;Paulo Zanovelli;Match Report;
33;Thu;quinta-feira, 9 de novembro de 2023;20:00;Botafogo (RJ);1.4;3–4;2.0;Grêmio;17,708;Estádio Nilton Santos;Ramon Abatti;Match Report;
33;Thu;quinta-feira, 9 de novembro de 2023;20:00;Bahia;0.7;0–3;2.0;Cuiabá;33,931;Itaipava Arena Fonte Nova;Felipe Fernandes de Lima;Match Report;
33;Wed;quarta-feira, 8 de novembro de 2023;21:30;Flamengo;1.4;3–0;1.0;Palmeiras;64,59;Estadio Jornalista Mário Filho;Rodrigo José Pereira de Lima;Match Report;
34;Sat;sábado, 11 de novembro de 2023;16:00;Coritiba;0.7;1–0;0.6;Cruzeiro;7,243;Estádio Major Antônio Couto Pereira;Braulio Machado;Match Report;
34;Sat;sábado, 11 de novembro de 2023;18:30;Flamengo;0.9;1–1;1.4;Fluminense;59,97;Estadio Jornalista Mário Filho;Wilton Pereira Sampaio;Match Report;
34;Sun;domingo, 12 de novembro de 2023;16:00;Bragantino;2.9;2–2;0.8;Botafogo (RJ);9,869;Estádio Nabi Abi Chedid;Anderson Daronco;Match Report;
34;Sun;domingo, 12 de novembro de 2023;16:00;Grêmio;1.4;0–1;0.6;Corinthians;49,459;Arena do Grêmio;Rodrigo José Pereira de Lima;Match Report;
34;Sun;domingo, 12 de novembro de 2023;17:30 (18:30);Cuiabá;1.6;2–1;0.5;Fortaleza;14,728;Arena Pantanal;Caio Max Augusto Vieira;Match Report;
34;Sun;domingo, 12 de novembro de 2023;18:30;Santos;0.6;0–0;1.2;São Paulo;13,442;Estádio Urbano Caldeira;Raphael Claus;Match Report;
34;Sun;domingo, 12 de novembro de 2023;18:30;Vasco da Gama;1.7;2–1;2.5;América (MG);19,478;Estádio Club de Regatas Vasco da Gama;Savio Pereira;Match Report;
34;Sun;domingo, 12 de novembro de 2023;18:30;Bahia;2.5;1–1;0.7;Ath Paranaense;33,214;Itaipava Arena Fonte Nova;Rafael Rodrigo Klein;Match Report;
34;Sun;domingo, 12 de novembro de 2023;18:30;Atlético Mineiro;1.2;2–1;1.0;Goiás;29,173;;Marcelo de Lima Henrique;Match Report;
34;Sat;sábado, 11 de novembro de 2023;21:00;Palmeiras;1.7;3–0;0.7;Internacional;19,358;Allianz Parque;Paulo Zanovelli;Match Report;
30;Sat;sábado, 18 de novembro de 2023;18:30;Fortaleza;1.2;0–1;0.9;Cruzeiro;30,804;Estádio Castelão;Savio Pereira;Match Report;
33;Wed;quarta-feira, 22 de novembro de 2023;19:00;Cruzeiro;1.5;2–2;0.8;Vasco da Gama;;Estádio Governador Magalhães Pinto;Leandro Pedro Vuaden;Match Report;
29;Thu;quinta-feira, 23 de novembro de 2023;19:00;Fortaleza;2.0;2–2;0.8;Botafogo (RJ);25,828;Estádio Castelão;Ramon Abatti;Match Report;
32;Wed;quarta-feira, 22 de novembro de 2023;21:30;Fluminense;1.0;1–0;0.1;São Paulo;44,694;Estadio Jornalista Mário Filho;André Luiz Skettino Policarpo Bento;Match Report;
30;Thu;quinta-feira, 23 de novembro de 2023;21:30;Flamengo;1.1;1–0;1.3;Bragantino;57,699;Estadio Jornalista Mário Filho;Braulio Machado;Match Report;
35;Sat;sábado, 25 de novembro de 2023;19:30;Ath Paranaense;1.5;0–0;0.6;Vasco da Gama;22,056;Estádio Joaquim Américo Guimarães;Anderson Daronco;Match Report;
35;Fri;sexta-feira, 24 de novembro de 2023;21:00;Corinthians;0.9;1–5;2.7;Bahia;39,403;Neo Química Arena;Marcelo de Lima Henrique;Match Report;
35;Sun;domingo, 26 de novembro de 2023;16:00;Atlético Mineiro;2.1;3–0;1.3;Grêmio;39,337;Arena MRV;Braulio Machado;Match Report;
35;Sun;domingo, 26 de novembro de 2023;16:00;Botafogo (RJ);1.6;1–1;0.3;Santos;26,548;Estádio Nilton Santos;Wilton Pereira Sampaio;Match Report;
35;Sun;domingo, 26 de novembro de 2023;18:30;Internacional;1.1;1–0;0.5;Bragantino;22,17;Estádio José Pinheiro Borba;Felipe Fernandes de Lima;Match Report;
35;Sun;domingo, 26 de novembro de 2023;18:30;São Paulo;0.8;0–0;0.1;Cuiabá;34,252;Estádio do Morumbi;Paulo Zanovelli;Match Report;
35;Sun;domingo, 26 de novembro de 2023;18:30;Fortaleza;1.8;2–2;0.8;Palmeiras;39,504;Estádio Castelão;André Luiz Skettino Policarpo Bento;Match Report;
35;Sun;domingo, 26 de novembro de 2023;18:30;América (MG);0.5;0–3;3.0;Flamengo;39,9;Estádio Raimundo Sampaio;Rodrigo José Pereira de Lima;Match Report;
35;Sat;sábado, 25 de novembro de 2023;21:00;Fluminense;1.9;2–1;0.8;Coritiba;19,919;Estadio Jornalista Mário Filho;Matheus Delgado Candançan;Match Report;
35;Mon;segunda-feira, 27 de novembro de 2023;21:00;Goiás;0.4;0–1;0.9;Cruzeiro;9,143;Estádio de Hailé Pinheiro;Ramon Abatti;Match Report;
36;Wed;quarta-feira, 29 de novembro de 2023;19:00;Santos;1.5;0–3;1.1;Fluminense;12,855;Estádio Urbano Caldeira;Anderson Daronco;Match Report;
36;Wed;quarta-feira, 29 de novembro de 2023;19:00 (20:00);Cuiabá;0.6;0–2;1.4;Internacional;12,527;Arena Pantanal;Dyorgines José Padovani Andrade;Match Report;
36;Wed;quarta-feira, 29 de novembro de 2023;19:30;Flamengo;1.0;0–3;1.2;Atlético Mineiro;65,305;Estadio Jornalista Mário Filho;Ramon Abatti;Match Report;
36;Wed;quarta-feira, 29 de novembro de 2023;20:00;Bahia;0.9;0–1;1.0;São Paulo;46,288;Itaipava Arena Fonte Nova;Braulio Machado;Match Report;
36;Tue;terça-feira, 28 de novembro de 2023;21:30;Vasco da Gama;1.4;2–4;1.4;Corinthians;20,22;Estádio Club de Regatas Vasco da Gama;Savio Pereira;Match Report;
36;Thu;quinta-feira, 30 de novembro de 2023;19:00;Grêmio;1.1;2–1;0.6;Goiás;36,875;Arena do Grêmio;Marcelo de Lima Henrique;Match Report;
36;Thu;quinta-feira, 30 de novembro de 2023;20:00;Cruzeiro;3.6;1–1;1.0;Ath Paranaense;36,696;Estádio Governador Magalhães Pinto;Leandro Pedro Vuaden;Match Report;
36;Thu;quinta-feira, 30 de novembro de 2023;20:30;Bragantino;1.5;1–2;0.7;Fortaleza;4,516;Estádio Nabi Abi Chedid;Denis da Silva Ribeiro Serafim;Match Report;
36;Wed;quarta-feira, 29 de novembro de 2023;21:30;Palmeiras;3.2;4–0;0.1;América (MG);29,717;Allianz Parque;Wilton Pereira Sampaio;Match Report;
36;Wed;quarta-feira, 29 de novembro de 2023;21:30;Coritiba;1.7;1–1;2.0;Botafogo (RJ);;Estádio Major Antônio Couto Pereira;Rodrigo José Pereira de Lima;Match Report;
37;Sat;sábado, 2 de dezembro de 2023;18:00;Corinthians;1.8;1–2;1.0;Internacional;40,583;Neo Química Arena;Caio Max Augusto Vieira;Match Report;
37;Sun;domingo, 3 de dezembro de 2023;16:00;Flamengo;1.5;2–1;0.8;Cuiabá;63,148;Estadio Jornalista Mário Filho;Rodrigo José Pereira de Lima;Match Report;
37;Sun;domingo, 3 de dezembro de 2023;16:00;Palmeiras;2.0;1–0;0.3;Fluminense;29,986;Allianz Parque;Braulio Machado;Match Report;
37;Sun;domingo, 3 de dezembro de 2023;18:30;Grêmio;0.8;1–0;0.8;Vasco da Gama;50,481;Arena do Grêmio;Ramon Abatti;Match Report;
37;Sun;domingo, 3 de dezembro de 2023;18:30;Ath Paranaense;1.0;3–0;0.7;Santos;21,056;Estádio Joaquim Américo Guimarães;Rafael Rodrigo Klein;Match Report;
37;Sun;domingo, 3 de dezembro de 2023;18:30;América (MG);1.2;3–2;3.7;Bahia;2,471;Estádio Raimundo Sampaio;Marcelo de Lima Henrique;Match Report;
37;Sun;domingo, 3 de dezembro de 2023;18:30;Bragantino;2.1;1–0;0.3;Coritiba;3,442;Estádio Nabi Abi Chedid;Dyorgines José Padovani Andrade;Match Report;
37;Sun;domingo, 3 de dezembro de 2023;18:30;Botafogo (RJ);1.0;0–0;0.9;Cruzeiro;15,462;Estádio Nilton Santos;Wilton Pereira Sampaio;Match Report;
37;Sun;domingo, 3 de dezembro de 2023;18:30;Fortaleza;1.2;1–0;0.3;Goiás;50,317;Estádio Castelão;Anderson Daronco;Match Report;
37;Sat;sábado, 2 de dezembro de 2023;21:00;Atlético Mineiro;0.8;2–1;1.9;São Paulo;53,856;Estádio Governador Magalhães Pinto;Savio Pereira;Match Report;
38;Wed;quarta-feira, 6 de dezembro de 2023;19:00;Goiás;0.9;1–0;0.9;América (MG);1,966;Estádio de Hailé Pinheiro;Davi de Oliveira Lacerda;Match Report;
38;Wed;quarta-feira, 6 de dezembro de 2023;20:30 (21:30);Cuiabá;2.4;3–0;1.0;Ath Paranaense;9,689;Arena Pantanal;Paulo Belence Alves dos Prazeres Filho;Match Report;
38;Wed;quarta-feira, 6 de dezembro de 2023;21:30;Santos;1.0;1–2;1.2;Fortaleza;14,13;Estádio Urbano Caldeira;Leandro Pedro Vuaden;Match Report;
38;Wed;quarta-feira, 6 de dezembro de 2023;21:30;Bahia;1.4;4–1;1.1;Atlético Mineiro;28,019;Itaipava Arena Fonte Nova;Ramon Abatti;Match Report;
38;Wed;quarta-feira, 6 de dezembro de 2023;21:30;Coritiba;0.6;0–2;0.9;Corinthians;;Estádio Major Antônio Couto Pereira;Jonathan Benkenstein Pinheiro;Match Report;
38;Wed;quarta-feira, 6 de dezembro de 2023;21:30;Fluminense;2.4;2–3;2.4;Grêmio;44,19;Estadio Jornalista Mário Filho;Raphael Claus;Match Report;
38;Wed;quarta-feira, 6 de dezembro de 2023;21:30;São Paulo;0.5;1–0;0.4;Flamengo;36,618;Estádio do Morumbi;Caio Max Augusto Vieira;Match Report;
38;Wed;quarta-feira, 6 de dezembro de 2023;21:30;Cruzeiro;1.6;1–1;1.4;Palmeiras;44,19;Estádio Governador Magalhães Pinto;Anderson Daronco;Match Report;
38;Wed;quarta-feira, 6 de dezembro de 2023;21:30;Internacional;1.2;3–1;0.4;Botafogo (RJ);27,365;Estádio José Pinheiro Borba;Flavio de Souza;Match Report;
38;Wed;quarta-feira, 6 de dezembro de 2023;21:30;Vasco da Gama;1.6;2–1;0.8;Bragantino;20,037;Estádio Club de Regatas Vasco da Gama;Wilton Pereira Sampaio;Match Report;
