Rk;Player;Nation;Pos;Squad;Age;Born;90s;Touches;Def Pen;Def 3rd;Mid 3rd;Att 3rd;Att Pen;Live;Att;Succ;Succ%;Tkld;Tkld%;Carries;TotDist;PrgDist;PrgC;01/mar;CPA;Mis;Dis;Rec;PrgR;Matches
1;Nicolás Acevedo;uy URU;MF;Bahia;23;1999;21.9;1476;37;350;945;197;16;1476;31;14;45.2;12;38.7;887;4197;2223;29;23;5;25;18;997;36;Matches
2;Luiz Adriano;br BRA;FW;Internacional;35;1987;14.8;360;20;44;176;144;47;360;6;3;50.0;3;50.0;180;528;126;3;3;1;18;17;250;49;Matches
3;Adriel;br BRA;GK;Grêmio;22;2001;2.0;65;54;65;0;0;0;65;0;0;;0;;23;141;109;0;0;0;0;0;10;0;Matches
4;Adryelson;br BRA;DF;Botafogo (RJ);24;1998;33.3;1895;292;991;876;34;27;1895;0;0;;0;;976;4174;2293;2;3;1;3;1;1140;3;Matches
5;Adson;br BRA;FW,MF;Corinthians;22;2000;9.5;497;7;78;232;198;22;497;42;25;59.5;14;33.3;336;2594;1468;49;33;7;17;5;357;68;Matches
6;Adyson;br BRA;FW,MF;América (MG);17;2005;2.7;176;0;12;61;107;10;176;13;7;53.8;4;30.8;123;898;560;17;14;5;6;9;127;42;Matches
7;Washington Aguerre;uy URU;GK;América (MG);29;1993;2.0;45;40;45;0;0;0;45;0;0;;0;;17;110;85;0;0;0;0;0;6;0;Matches
8;Carlos Alberto;br BRA;FW,MF;Botafogo (RJ);20;2002;3.3;127;4;17;48;66;16;127;17;8;47.1;7;41.2;83;630;302;10;7;2;9;5;83;29;Matches
9;Yuri Alberto;br BRA;FW;Corinthians;21;2001;30.2;911;23;63;420;436;138;911;51;23;45.1;20;39.2;522;2572;959;41;30;20;93;35;702;204;Matches
10;Ale;br BRA;MF;América (MG);32;1990;15.8;1075;43;256;653;182;30;1075;25;16;64.0;8;32.0;682;3840;1829;29;21;2;25;19;691;37;Matches
11;Alexandre Alemão;br BRA;FW;Internacional;24;1998;3.8;136;3;11;64;64;25;136;19;9;47.4;9;47.4;90;468;207;7;7;5;19;4;100;37;Matches
12;Alerrandro;br BRA;FW,MF;Bragantino;23;2000;4.5;115;7;9;44;63;19;115;6;3;50.0;3;50.0;65;198;81;3;3;1;13;3;81;20;Matches
13;Alesson;br BRA;FW,MF;Goiás;23;1999;7.3;305;8;47;104;166;35;305;34;17;50.0;17;50.0;171;1393;591;23;20;9;18;17;196;68;Matches
14;Alex;br BRA;DF;Santos;23;1999;5.1;291;26;150;126;18;9;291;2;2;100.0;0;0.0;191;1084;624;3;1;0;4;2;212;0;Matches
15;Caio Alexandre;br BRA;MF;Fortaleza;23;1999;29.2;2075;42;390;1433;275;25;2075;31;16;51.6;11;35.5;1370;9103;5117;91;41;10;30;35;1521;37;Matches
16;Matheus Alexandre;br BRA;DF;Cuiabá;23;1999;33.1;1868;101;605;909;363;24;1868;38;19;50.0;17;44.7;857;4194;2273;41;23;5;37;20;955;97;Matches
17;Alexsander;br BRA;MF,DF;Fluminense;19;2003;13.3;910;20;194;458;268;17;910;51;27;52.9;19;37.3;571;2898;1607;38;29;4;27;26;645;53;Matches
18;Alison;br BRA;MF;Santos;29;1993;1.5;83;10;28;52;3;0;83;2;1;50.0;1;50.0;38;213;80;3;2;0;4;2;45;1;Matches
19;Alisson;br BRA;MF,DF;Atlético Mineiro;17;2005;0.5;48;0;5;20;26;1;48;7;3;42.9;3;42.9;35;322;161;3;3;0;2;1;34;10;Matches
20;Alisson;br BRA;MF,FW;São Paulo;29;1993;23.9;1552;36;241;878;446;30;1552;40;22;55.0;13;32.5;917;4596;2290;40;43;5;15;33;1137;105;Matches
21;Allan;br BRA;MF;Flamengo;25;1997;5.4;465;7;63;324;82;1;465;4;2;50.0;0;0.0;320;1640;833;10;12;0;2;3;361;6;Matches
22;Allano;br BRA;FW;Goiás;27;1995;13.7;625;18;112;294;231;48;625;45;20;44.4;20;44.4;374;2695;1400;39;33;11;37;21;421;90;Matches
23;Henrique Almeida;br BRA;FW;América (MG);31;1991;1.7;49;1;1;23;25;9;49;5;4;80.0;1;20.0;21;95;40;1;0;0;5;1;26;5;Matches
24;Rodrigo Alves;br BRA;MF;Vasco da Gama;20;2002;3.9;135;10;52;77;6;1;135;0;0;;0;;68;335;146;1;0;0;2;2;76;0;Matches
25;Anderson;br BRA;GK;Cruzeiro;24;1998;1.0;18;14;18;0;0;0;18;0;0;;0;;12;33;29;0;0;0;0;0;11;0;Matches
26;Anderson;br BRA;FW,MF;Goiás;24;1998;14.3;646;6;101;291;274;33;646;68;40;58.8;26;38.2;424;2858;1519;44;39;11;40;40;485;106;Matches
27;André;br BRA;DF;Bahia;19;2003;1.4;93;4;22;43;30;1;93;5;4;80.0;1;20.0;52;252;129;2;3;0;3;1;53;12;Matches
28;André;br BRA;MF,DF;Fluminense;21;2001;29.4;2745;268;946;1589;231;3;2745;62;38;61.3;16;25.8;1966;9737;5852;58;54;1;34;15;2179;14;Matches
29;Maurício Antônio;br BRA;DF;Coritiba;30;1992;2.0;130;29;77;49;4;2;130;0;0;;0;;68;261;125;0;0;0;3;0;73;0;Matches
30;Apodi;br BRA;FW,MF;Goiás;36;1986;4.2;99;8;23;33;43;9;99;4;2;50.0;2;50.0;49;277;147;6;3;2;9;0;57;16;Matches
31;Guilherme Arana;br BRA;DF;Atlético Mineiro;25;1997;26.5;1962;82;521;893;562;27;1962;31;12;38.7;16;51.6;1077;5445;3104;56;43;5;25;13;1289;122;Matches
32;Charles Aránguiz;cl CHI;MF;Internacional;33;1989;14.1;1073;27;176;707;194;14;1073;10;7;70.0;0;0.0;598;2160;866;6;12;1;20;10;787;28;Matches
33;João Araújo;br BRA;MF;Grêmio;17;2005;0.1;8;0;1;5;3;0;8;2;0;0.0;2;100.0;5;14;3;0;0;0;0;0;5;0;Matches
34;Luiz Araújo;br BRA;FW,MF;Flamengo;26;1996;8.7;513;12;59;195;271;44;513;46;25;54.3;21;45.7;345;2094;1009;29;23;9;19;9;376;112;Matches
35;Matheus Araújo;br BRA;MF,FW;Corinthians;20;2002;6.5;396;11;78;190;134;20;396;16;9;56.3;4;25.0;244;1157;588;18;13;6;14;7;279;43;Matches
36;Michel Araujo;uy URU;FW,MF;São Paulo;26;1996;19.6;1249;26;197;613;462;61;1249;110;63;57.3;40;36.4;786;5025;2564;71;51;15;48;35;923;157;Matches
37;Robert Arboleda;ec ECU;DF;São Paulo;31;1991;19.1;1423;199;781;611;34;27;1423;3;3;100.0;0;0.0;811;3211;1722;2;1;0;6;1;1019;5;Matches
38;Jhon Arias;co COL;FW,MF;Fluminense;25;1997;26.5;1915;41;288;694;963;105;1913;154;80;51.9;50;32.5;1309;8068;4364;142;87;27;54;60;1423;300;Matches
39;Luciano Arriagada;cl CHI;FW,MF;Ath Paranaense;20;2002;2.1;79;2;8;36;36;6;79;3;2;66.7;0;0.0;49;235;99;5;0;1;10;8;59;12;Matches
40;Arthur;br BRA;FW,MF;Cruzeiro;24;1998;15.0;598;7;84;222;305;48;598;69;27;39.1;37;53.6;410;3428;1622;66;47;21;34;18;460;112;Matches
41;Arthur;br BRA;DF;América (MG);19;2003;1.0;67;3;16;33;20;0;67;3;2;66.7;1;33.3;36;227;116;5;4;0;4;1;36;4;Matches
42;Arthur;br BRA;DF,FW;Fluminense;18;2004;0.2;24;1;6;9;9;1;24;1;0;0.0;1;100.0;15;49;16;0;2;0;1;0;17;2;Matches
43;Artur;br BRA;FW;Palmeiras;24;1998;21.1;1037;13;106;410;537;90;1037;60;35;58.3;23;38.3;671;4387;2391;85;57;23;52;18;792;218;Matches
44;Eduard Atuesta;co COL;MF;Palmeiras;25;1997;0.1;2;0;0;2;0;0;2;0;0;;0;;1;10;9;0;0;0;0;0;2;0;Matches
45;Felipe Augusto;br BRA;FW,MF;Corinthians;18;2004;3.6;107;5;15;57;40;14;107;10;3;30.0;4;40.0;54;315;126;4;6;1;11;9;66;15;Matches
46;Filipe Augusto;br BRA;MF;Cuiabá;29;1993;11.8;929;45;213;594;124;3;929;26;17;65.4;5;19.2;492;2721;1198;9;17;0;17;19;656;16;Matches
47;Renato Augusto;br BRA;MF;Corinthians;34;1988;14.2;881;13;79;467;341;22;881;34;20;58.8;11;32.4;545;2757;1258;38;21;7;21;12;689;98;Matches
48;Danilo Avelar;br BRA;DF;América (MG);33;1989;22.0;1128;102;432;530;174;56;1127;11;3;27.3;8;72.7;495;2414;1349;11;10;0;14;2;617;42;Matches
49;Felipe Azevedo;br BRA;FW,MF;América (MG);36;1987;19.4;738;20;128;272;358;66;738;67;26;38.8;37;55.2;441;2637;1187;31;39;13;47;31;509;121;Matches
50;Matheus Babi;br BRA;FW;Goiás;25;1997;9.8;298;11;30;150;120;42;298;14;6;42.9;8;57.1;141;601;154;2;7;0;24;18;208;39;Matches
51;Matheus Bahia;br BRA;DF,MF;Bahia;23;1999;5.5;354;11;98;155;103;8;354;10;4;40.0;5;50.0;176;914;547;15;6;2;17;0;184;21;Matches
52;Fabián Balbuena;py PAR;DF;Corinthians;31;1991;1.0;70;10;48;22;1;1;70;0;0;;0;;29;172;113;0;0;0;0;0;47;0;Matches
53;Robson Bambu;br BRA;DF;Vasco da Gama;25;1997;14.2;858;115;394;402;67;9;858;17;7;41.2;9;52.9;486;2649;1397;5;6;0;15;13;523;13;Matches
54;Gabriel Baralhas;br BRA;MF;Internacional;24;1998;2.6;170;10;40;119;15;1;170;1;0;0.0;1;100.0;92;461;196;3;4;0;0;0;102;5;Matches
55;Danilo Barbosa;br BRA;MF,DF;Botafogo (RJ);26;1996;11.2;610;52;183;362;72;12;610;24;13;54.2;6;25.0;318;1588;758;14;7;2;12;17;362;7;Matches
56;Diogo Barbosa;br BRA;DF;Fluminense;30;1992;12.4;818;43;216;369;241;10;818;27;14;51.9;11;40.7;485;2424;1251;35;27;3;12;6;538;68;Matches
57;Diogo Barbosa;br BRA;DF;Grêmio;30;1992;4.3;267;18;70;131;70;5;267;21;7;33.3;12;57.1;119;715;352;8;10;2;7;3;140;19;Matches
58;Gabriel Barbosa;br BRA;FW;Flamengo;26;1996;17.1;633;0;25;261;350;60;628;14;5;35.7;8;57.1;356;1842;894;26;26;4;17;8;485;112;Matches
59;Lucas Barbosa;br BRA;FW,MF;Santos;21;2001;1.1;70;4;24;38;12;1;70;4;2;50.0;2;50.0;33;180;90;4;3;0;2;2;31;4;Matches
60;Lucas Barbosa;br BRA;MF,FW;Coritiba;21;2001;1.1;76;5;9;34;34;3;76;5;1;20.0;3;60.0;43;133;43;1;3;0;4;1;47;10;Matches
61;Chrystian Barletta;br BRA;MF;Corinthians;21;2001;1.4;;;;;;;;;;;;;;;;;;;;;;;Matches
62;Cauan Barros;br BRA;MF;Vasco da Gama;18;2004;2.6;118;7;27;72;19;7;118;0;0;;0;;56;246;109;0;1;0;1;4;70;4;Matches
63;Gabriel Barros;br BRA;FW,MF;Internacional;21;2001;2.0;101;1;12;55;35;9;101;8;2;25.0;5;62.5;62;422;107;4;3;2;8;1;74;12;Matches
64;Bastos;ao ANG;DF;Botafogo (RJ);31;1991;1.3;84;7;35;44;5;1;84;0;0;;0;;33;129;87;0;0;0;0;0;58;0;Matches
65;Fellipe Bastos;br BRA;MF;Goiás;32;1990;0.4;16;0;9;6;2;0;16;0;0;;0;;4;18;7;1;0;0;0;0;8;1;Matches
66;Diogo Batista;br BRA;DF,MF;Coritiba;19;2003;5.9;354;23;123;169;66;6;354;10;3;30.0;5;50.0;181;813;497;8;7;2;10;5;197;13;Matches
67;Rodrigo Battaglia;ar ARG;MF;Atlético Mineiro;31;1991;19.2;1124;33;197;778;165;19;1124;23;16;69.6;6;26.1;719;4095;2229;38;33;2;14;13;785;27;Matches
68;José Luis Rodríguez Bebanz;uy URU;DF;Vasco da Gama;25;1997;22.2;1452;88;438;596;441;51;1452;40;17;42.5;21;52.5;683;3506;2130;56;42;7;23;9;741;95;Matches
69;Matheus Belém;br BRA;DF;São Paulo;19;2003;1.9;102;15;59;40;3;1;102;0;0;;0;;54;226;129;1;2;0;4;0;66;0;Matches
70;Lucas Belezi;br BRA;DF;Ath Paranaense;19;2003;0.5;25;3;9;14;2;1;25;0;0;;0;;14;41;26;0;0;0;0;0;16;0;Matches
71;Ramiro Benetti;br BRA;MF;Cruzeiro;29;1993;4.5;283;2;36;178;75;7;283;6;3;50.0;2;33.3;150;570;279;4;4;1;7;1;193;13;Matches
72;Martín Benítez;ar ARG;MF,FW;América (MG);28;1994;12.4;696;2;64;378;268;23;696;70;35;50.0;28;40.0;427;2283;1175;26;17;5;14;26;492;56;Matches
73;Bento;br BRA;GK;Ath Paranaense;23;1999;33.0;952;861;951;1;0;0;952;0;0;;0;;443;2440;1530;0;0;0;0;0;316;0;Matches
74;Lucas Beraldo;br BRA;DF;São Paulo;19;2003;24.0;1908;200;804;1055;59;17;1908;4;0;0.0;0;0.0;1228;6041;3870;16;10;0;8;5;1402;3;Matches
75;Lucas Besozzi;ar ARG;FW,MF;Grêmio;20;2003;4.4;252;3;29;94;134;18;252;23;8;34.8;14;60.9;164;1281;705;30;21;10;10;7;181;47;Matches
76;Matheus Bianqui;br BRA;MF;Coritiba;25;1998;15.8;686;52;191;369;135;30;686;15;7;46.7;6;40.0;327;1114;466;10;6;3;24;14;362;41;Matches
77;Raul Bicalho;br BRA;DF;Bahia;23;1999;3.6;233;22;106;116;12;5;233;0;0;;0;;155;1051;684;7;6;0;4;0;168;2;Matches
78;Matheus Bidu;br BRA;DF;Corinthians;23;1999;18.4;1356;88;396;601;375;16;1356;36;13;36.1;17;47.2;738;4062;2383;58;31;2;24;9;773;100;Matches
79;Biel;br BRA;FW,MF;Bahia;21;2001;15.1;627;6;65;208;366;75;627;69;24;34.8;38;55.1;439;2811;1484;51;48;13;56;13;462;117;Matches
80;Rafael Bilu;br BRA;FW;Cruzeiro;23;1999;1.0;57;0;5;21;34;7;57;8;5;62.5;2;25.0;37;219;132;5;3;3;5;0;36;8;Matches
81;Guilherme Biro;br BRA;FW,MF;Corinthians;18;2004;6.4;291;3;43;137;118;13;291;25;10;40.0;12;48.0;194;1185;589;18;13;4;10;4;212;44;Matches
82;Bitelo;br BRA;MF,FW;Grêmio;23;2000;17.2;1049;22;138;506;420;64;1049;46;21;45.7;19;41.3;669;3131;1611;39;35;10;49;28;759;132;Matches
83;Paulinho Bóia;br BRA;FW;América (MG);24;1998;1.5;69;2;7;33;33;4;69;8;5;62.5;2;25.0;44;347;133;4;5;3;4;4;45;12;Matches
84;Thiago Borbas;uy URU;FW;Bragantino;20;2002;15.9;541;6;19;179;347;92;541;26;13;50.0;9;34.6;321;1215;317;12;9;4;53;24;412;119;Matches
85;Ângelo Borges;br BRA;FW,MF;Santos;18;2004;6.0;281;0;41;135;117;10;281;52;28;53.8;21;40.4;193;1615;797;26;18;4;24;14;200;38;Matches
86;Daniel Borges;br BRA;DF;América (MG);29;1993;8.9;584;33;169;258;161;5;584;14;7;50.0;7;50.0;323;1597;803;19;5;2;10;9;349;37;Matches
87;Daniel Borges;br BRA;DF;Botafogo (RJ);29;1993;0.5;27;1;18;7;2;1;27;0;0;;0;;13;52;5;0;0;0;1;0;12;1;Matches
88;Marllon Borges;br BRA;DF;Cuiabá;30;1992;36.0;1776;251;880;874;28;19;1776;8;6;75.0;2;25.0;908;4161;2595;12;3;0;12;1;1071;1;Matches
89;Pedro Borges;br BRA;MF,FW;Fortaleza;25;1997;6.3;350;17;65;237;51;5;350;9;2;22.2;5;55.6;170;899;337;3;3;0;17;4;223;12;Matches
90;Gabriel Boschilia;br BRA;MF,FW;Coritiba;26;1996;3.8;245;4;33;137;79;6;245;17;11;64.7;4;23.5;158;867;343;10;8;2;11;6;167;20;Matches
91;Lucas Braga;br BRA;DF,FW;Santos;26;1996;22.1;869;25;181;401;303;29;869;69;22;31.9;37;53.6;445;3493;2016;64;38;13;32;12;488;89;Matches
92;David Braz;br BRA;DF;Fluminense;35;1987;9.6;753;121;393;311;53;8;753;10;10;100.0;0;0.0;450;2531;1579;16;13;0;6;4;523;2;Matches
93;Brenno;br BRA;GK;Grêmio;23;1999;1.0;19;16;19;0;0;0;19;0;0;;0;;12;61;47;0;0;0;0;0;5;0;Matches
94;Breno;br BRA;MF;Botafogo (RJ);22;2000;0.1;9;1;5;3;1;0;9;0;0;;0;;9;35;9;0;0;0;2;1;7;0;Matches
95;Breno;br BRA;FW;Palmeiras;27;1996;15.2;498;1;44;191;271;68;498;26;8;30.8;11;42.3;331;2344;1247;44;30;14;16;12;371;110;Matches
96;Emanuel Brítez;ar ARG;DF;Fortaleza;30;1992;30.7;1658;181;645;885;143;28;1658;13;11;84.6;2;15.4;880;4410;2590;19;18;0;8;7;965;17;Matches
97;Bruninho;br BRA;FW,MF;Bragantino;19;2003;7.9;388;1;18;175;203;39;388;31;21;67.7;9;29.0;263;1723;693;19;14;9;27;10;294;68;Matches
98;Fabrício Bruno;br BRA;DF;Flamengo;26;1996;34.0;2551;247;1040;1429;97;26;2551;5;4;80.0;1;20.0;1634;8234;4962;32;22;0;7;2;1786;7;Matches
99;Vitor Bueno;br BRA;MF,FW;Ath Paranaense;28;1994;23.1;1260;5;86;597;591;53;1257;55;34;61.8;19;34.5;776;5006;2220;74;57;12;46;38;903;114;Matches
100;Esteban Burgos;ar ARG;DF;América (MG);31;1992;3.3;127;28;75;48;4;2;127;1;1;100.0;0;0.0;51;297;193;1;1;1;2;0;54;2;Matches
101;Fabricio Bustos;ar ARG;DF;Internacional;26;1996;27.8;2008;91;523;941;551;37;2008;46;24;52.2;14;30.4;1001;4082;2064;39;35;6;23;16;1199;151;Matches
102;Rafael Cabral;br BRA;GK;Cruzeiro;32;1990;37.0;1289;1029;1281;8;0;0;1289;0;0;;0;;672;3763;2358;0;0;0;1;0;568;0;Matches
103;Cacá;br BRA;DF;Ath Paranaense;23;1999;18.8;950;137;479;435;46;18;950;7;3;42.9;3;42.9;528;2827;1434;12;11;0;14;7;555;8;Matches
104;Cadu;br BRA;DF;Santos;20;2002;0.2;11;0;0;10;1;0;11;0;0;;0;;5;15;8;0;1;0;0;0;8;0;Matches
105;Caetano;br BRA;DF;Corinthians;23;1999;13.4;924;136;489;418;21;6;924;2;1;50.0;1;50.0;551;2014;1170;2;5;1;3;0;679;0;Matches
106;Jonathan Cafu;br BRA;FW,MF;Cuiabá;31;1991;19.0;777;10;80;329;380;48;777;57;26;45.6;24;42.1;487;2557;1070;39;17;10;65;33;554;169;Matches
107;Júnior Caiçara;br BRA;DF;Santos;33;1989;1.9;155;9;40;69;48;1;155;2;0;0.0;2;100.0;87;491;308;6;10;0;2;0;101;10;Matches
108;Rodrigo Caio;br BRA;MF,DF;Flamengo;29;1993;0.7;67;4;15;48;5;0;67;0;0;;0;;41;194;69;0;0;0;0;0;49;1;Matches
109;Caíque;br BRA;GK;Grêmio;25;1997;4.0;105;93;105;0;0;0;105;0;0;;0;;46;406;267;0;0;0;0;0;22;0;Matches
110;Calebe;br BRA;MF,FW;Fortaleza;22;2000;16.4;733;2;65;336;349;55;733;81;42;51.9;23;28.4;510;3498;1892;69;35;21;33;29;541;127;Matches
111;Jonathan Calleri;ar ARG;FW;São Paulo;29;1993;15.0;440;16;28;154;261;85;438;32;8;25.0;18;56.3;236;1056;324;15;6;8;41;18;338;101;Matches
112;Patric Calmon PK;br BRA;DF;Cuiabá;28;1994;5.8;351;16;90;157;110;6;351;8;6;75.0;1;12.5;162;948;560;14;9;1;7;1;185;30;Matches
113;Guilherme Camacho;br BRA;MF;Santos;32;1990;5.0;311;18;82;195;36;1;311;5;4;80.0;1;20.0;145;671;291;0;4;0;1;2;185;3;Matches
114;Nathan Camargo;br BRA;MF;Bragantino;17;2005;0.1;6;0;3;0;3;0;6;0;0;;0;;3;7;4;0;0;0;0;0;2;0;Matches
115;Gustavo Campanharo;br BRA;MF;Internacional;30;1992;7.7;484;18;109;319;60;3;484;20;11;55.0;8;40.0;278;1288;488;9;9;1;9;7;320;13;Matches
116;Camilo Cándido;uy URU;DF;Bahia;27;1995;13.8;868;32;208;401;271;17;868;27;11;40.7;14;51.9;463;1831;885;18;18;3;17;6;512;91;Matches
117;Luan Cândido;br BRA;DF;Bragantino;21;2001;12.0;771;48;216;383;177;33;771;19;11;57.9;4;21.1;390;2089;1010;19;13;2;11;11;437;42;Matches
118;Germán Cano;ar ARG;FW;Fluminense;34;1988;27.4;691;23;110;296;295;90;690;23;11;47.8;12;52.2;406;1627;582;18;14;11;28;12;465;87;Matches
119;Agustín Canobbio;uy URU;FW,MF;Ath Paranaense;24;1998;23.5;1211;25;155;479;594;98;1211;91;46;50.5;37;40.7;736;4917;2377;81;47;31;60;40;781;223;Matches
120;Víctor Cantillo;co COL;MF;Corinthians;29;1993;3.0;195;13;76;110;11;0;195;1;0;0.0;1;100.0;130;490;206;2;2;0;2;0;134;1;Matches
121;Manuel Capasso;ar ARG;DF;Vasco da Gama;26;1996;6.2;399;58;208;190;4;3;399;1;1;100.0;0;0.0;257;1121;640;1;2;1;2;1;279;1;Matches
122;Juninho Capixaba;br BRA;DF;Bragantino;25;1997;31.9;2536;92;561;1316;696;51;2536;59;22;37.3;29;49.2;1343;7550;4067;71;73;5;41;19;1436;127;Matches
123;Gabriel Carabajal;ar ARG;MF;Vasco da Gama;31;1991;1.4;119;0;11;60;49;3;119;6;6;100.0;0;0.0;71;349;159;3;1;1;1;0;81;11;Matches
124;Felipe Carballo;uy URU;MF;Grêmio;26;1996;17.1;960;35;181;580;213;18;960;27;14;51.9;12;44.4;545;2853;1427;23;29;0;15;14;668;45;Matches
125;Johnny Cardoso;us USA;MF;Internacional;21;2001;17.9;1038;70;226;668;152;22;1038;32;20;62.5;10;31.3;584;2845;1332;18;15;0;35;16;666;24;Matches
126;Ed Carlos;br BRA;MF,FW;Santos;21;2001;0.4;45;1;12;17;16;0;45;0;0;;0;;27;121;46;0;0;0;1;2;35;1;Matches
127;João Carlos;br BRA;GK;Cuiabá;34;1988;3.0;72;67;72;0;0;0;72;0;0;;0;;32;168;138;0;0;0;0;0;22;0;Matches
128;Ryan Carlos;br BRA;DF;Bahia;20;2002;6.4;466;18;137;191;139;5;466;11;7;63.6;4;36.4;255;1430;775;21;16;2;6;6;297;44;Matches
129;Alan Carvalho;cn CHN;MF;Fluminense;33;1989;0.5;21;1;2;14;6;3;21;1;1;100.0;0;0.0;12;87;25;0;0;0;3;1;15;1;Matches
130;Breno Cascardo;br BRA;MF;América (MG);19;2003;12.9;743;18;112;467;172;18;743;41;23;56.1;15;36.6;489;2810;1447;28;27;3;29;22;507;39;Matches
131;Cássio;br BRA;GK;Corinthians;35;1987;36.8;1172;1037;1167;5;0;0;1172;0;0;;0;;551;3507;2435;0;0;0;0;0;374;0;Matches
132;Luciano Castán;br BRA;DF;Cruzeiro;33;1989;35.7;2230;316;1086;1083;67;38;2230;7;6;85.7;0;0.0;1292;6945;4324;23;9;2;11;6;1481;7;Matches
133;Iury de Castilho;br BRA;FW;Cuiabá;27;1995;4.4;148;1;19;58;76;16;148;21;14;66.7;5;23.8;87;723;292;11;8;2;12;4;91;26;Matches
134;Matheus Cavichioli;br BRA;GK;América (MG);36;1986;15.0;412;363;410;4;0;0;412;0;0;;0;;205;1658;1312;0;0;0;0;0;79;0;Matches
135;Juan Cazares;ec ECU;MF,FW;América (MG);30;1992;3.1;174;0;19;83;74;2;174;14;7;50.0;7;50.0;89;483;223;5;4;1;11;3;109;23;Matches
136;Brayan Ceballos;co COL;DF;Fortaleza;21;2001;2.3;169;16;74;91;6;4;169;4;4;100.0;0;0.0;80;382;187;1;1;0;1;0;102;0;Matches
137;Pablo Ceppelini;uy URU;MF;Cuiabá;31;1991;11.1;699;12;78;332;298;10;699;7;3;42.9;4;57.1;344;1389;746;23;21;1;12;6;419;58;Matches
138;Murilo Cerqueira;br BRA;DF;Palmeiras;25;1997;24.1;1470;165;736;708;36;16;1470;8;6;75.0;1;12.5;862;4310;2383;14;7;1;3;2;1021;1;Matches
139;Ricardo Cerqueira;br BRA;MF;Cuiabá;20;2002;0.1;4;0;0;4;0;0;4;0;0;;0;;4;24;13;0;1;0;0;0;4;0;Matches
140;Júlio César;br BRA;DF;América (MG);19;2003;6.6;398;68;217;164;18;8;398;4;3;75.0;1;25.0;223;1189;698;3;2;2;7;3;237;1;Matches
141;Reynaldo Cesar Moraes;br BRA;DF;Cruzeiro;26;1997;0.7;36;3;23;13;0;0;36;0;0;;0;;27;161;112;0;0;0;0;0;28;0;Matches
142;Reynaldo Cesar Moraes;br BRA;DF;Coritiba;26;1997;2.7;117;25;66;48;4;1;117;0;0;;0;;50;191;64;0;0;0;1;0;57;0;Matches
143;Kayky Chagas;br BRA;FW,MF;Bahia;19;2003;4.6;212;6;34;87;95;15;212;22;12;54.5;10;45.5;127;792;424;16;13;6;14;7;141;33;Matches
144;Jhon Chancellor;ve VEN;DF;Coritiba;31;1992;3.4;139;35;90;48;1;1;139;0;0;;0;;65;262;119;0;0;0;0;0;83;0;Matches
145;Gabriel Chapecó;br BRA;GK;Grêmio;22;2000;31.0;908;805;903;6;0;0;908;0;0;;0;;386;2224;1637;0;1;1;0;0;230;0;Matches
146;Gabriel Chaves;br BRA;FW,MF;Vasco da Gama;21;2001;29.0;990;15;141;375;518;109;990;130;57;43.8;62;47.7;619;5588;2612;92;73;35;88;37;629;204;Matches
147;Jhoanner Chávez;ec ECU;DF,MF;Bahia;20;2002;6.5;406;13;104;188;117;13;406;13;7;53.8;5;38.5;205;834;461;12;8;2;18;4;243;49;Matches
148;Chiqueti;br BRA;MF;Ath Paranaense;17;2005;0.2;;;;;;;;;;;;;;;;;;;;;;;Matches
149;Christian;br BRA;MF,FW;Ath Paranaense;22;2000;15.1;760;11;111;405;248;30;760;41;24;58.5;12;29.3;446;2105;983;23;19;3;25;8;550;71;Matches
150;Cicinho;bg BUL;DF;Bahia;34;1988;8.4;505;33;138;249;122;8;505;30;14;46.7;10;33.3;243;1328;587;17;9;3;19;11;270;36;Matches
151;Cipriano;br BRA;DF;Bragantino;20;2002;0.8;44;12;29;15;0;0;44;0;0;;0;;22;89;22;0;0;0;0;0;24;0;Matches
152;Marcelo Cirino;br BRA;FW,MF;Ath Paranaense;31;1992;1.1;29;1;1;13;15;3;29;1;0;0.0;1;100.0;13;69;31;1;1;0;3;1;26;6;Matches
153;Léo Cittadini;br BRA;MF;Bahia;28;1994;1.5;112;1;9;72;33;2;112;4;4;100.0;0;0.0;65;413;187;3;2;0;3;1;75;8;Matches
154;Léo Cittadini;br BRA;MF,FW;Ath Paranaense;28;1994;2.2;100;1;19;55;27;3;100;5;3;60.0;1;20.0;48;376;180;3;3;0;3;3;68;7;Matches
155;Mateus Claus;br BRA;GK;Bahia;28;1994;0.6;13;13;13;0;0;0;13;0;0;;0;;1;1;1;0;0;0;0;0;5;0;Matches
156;Clayson;br BRA;FW,MF;Cuiabá;27;1995;18.2;819;8;100;337;396;42;816;46;13;28.3;25;54.3;488;3070;1493;50;29;13;35;21;578;124;Matches
157;Mateus Cocão;br BRA;MF;Vasco da Gama;20;2002;3.9;267;4;56;167;46;3;267;4;2;50.0;0;0.0;185;798;264;0;4;0;0;4;185;6;Matches
158;Diego Costa;es ESP;FW;Botafogo (RJ);34;1988;5.7;188;5;12;71;107;28;188;7;2;28.6;4;57.1;105;560;183;9;5;2;13;10;145;42;Matches
159;Philippe Costa;br BRA;FW;Goiás;22;2000;1.2;29;1;3;9;17;5;29;3;1;33.3;2;66.7;14;61;28;0;1;0;2;0;21;4;Matches
160;Talles Costa;br BRA;MF,FW;São Paulo;20;2002;1.5;114;0;16;62;39;4;114;5;2;40.0;3;60.0;71;432;198;5;10;0;3;4;87;6;Matches
161;Lucas Crispim;br BRA;MF,DF;Fortaleza;28;1994;5.4;388;10;44;235;109;7;388;5;2;40.0;3;60.0;211;1292;610;11;10;1;4;2;288;23;Matches
162;Franco Cristaldo;ar ARG;MF,FW;Grêmio;26;1996;23.7;1502;11;130;737;646;66;1498;32;20;62.5;9;28.1;844;3289;1369;23;33;7;54;37;1063;142;Matches
163;Tomás Cuello;ar ARG;MF,FW;Ath Paranaense;22;2000;22.8;1270;38;215;572;501;50;1270;60;35;58.3;21;35.0;649;4349;2220;81;49;20;46;18;732;173;Matches
164;Víctor Cuesta;ar ARG;DF;Botafogo (RJ);34;1988;35.0;2065;239;967;992;116;35;2065;10;4;40.0;6;60.0;1161;5593;2701;10;24;0;18;6;1269;7;Matches
165;Cuiabano;br BRA;DF,MF;Grêmio;19;2003;5.4;322;14;82;128;116;10;322;11;4;36.4;5;45.5;155;851;391;13;10;3;13;9;165;34;Matches
166;Lucas Cunha;br BRA;DF;Bragantino;26;1997;0.8;92;6;19;73;0;0;92;0;0;;0;;70;407;267;0;0;0;1;0;79;0;Matches
167;Matheus Cunha;br BRA;GK;Flamengo;21;2001;17.6;787;510;753;34;0;0;787;0;0;;0;;486;2302;1489;0;0;0;1;0;471;0;Matches
168;Ian Custódio;br BRA;DF;Palmeiras;19;2003;0.2;9;1;3;4;2;0;9;0;0;;0;;5;24;21;1;0;0;1;0;4;0;Matches
169;João Dalla Corte;br BRA;DF;Internacional;16;2006;0.2;13;0;3;5;6;0;13;0;0;;0;;6;33;16;0;1;0;2;0;7;1;Matches
170;Danielzinho;br BRA;FW,MF;Bahia;27;1996;0.9;92;0;3;50;39;1;92;3;0;0.0;3;100.0;64;380;185;4;6;0;1;1;76;4;Matches
171;Danielzinho;br BRA;FW;Ath Paranaense;20;2002;0.0;2;0;0;0;2;0;2;0;0;;0;;1;3;1;0;0;0;0;0;2;0;Matches
172;Danielzinho;br BRA;MF;Fluminense;27;1996;6.8;536;15;99;317;122;8;536;8;4;50.0;4;50.0;367;1924;1129;19;10;3;4;11;416;21;Matches
173;David;br BRA;FW,MF;São Paulo;27;1995;8.1;310;3;17;102;192;45;310;21;10;47.6;11;52.4;194;1246;601;24;9;10;26;8;234;80;Matches
174;Giorgian De Arrascaeta;uy URU;MF,FW;Flamengo;28;1994;20.5;1290;23;105;556;651;83;1290;58;34;58.6;17;29.3;831;3701;1645;38;38;15;55;41;951;170;Matches
175;Sergio Antonio De Luiz Junior;br BRA;MF,DF;Vasco da Gama;27;1995;4.0;177;4;26;77;78;15;177;12;6;50.0;6;50.0;112;531;199;4;1;1;11;2;113;32;Matches
176;Denilson;br BRA;MF;Cuiabá;21;2001;21.2;1301;16;184;778;361;15;1301;55;38;69.1;10;18.2;806;4419;1791;35;40;7;41;35;928;63;Matches
177;Denzel;br BRA;FW;Goiás;20;2003;0.3;7;0;0;3;4;0;7;0;0;;0;;3;7;3;0;0;0;0;1;4;2;Matches
178;Deyverson;br BRA;FW;Cuiabá;31;1991;32.3;980;44;99;453;438;150;976;55;24;43.6;23;41.8;453;1733;651;17;14;12;77;25;697;152;Matches
179;Leonel Di Plácido;ar ARG;DF;Botafogo (RJ);29;1994;26.2;1636;76;470;786;405;22;1636;65;33;50.8;23;35.4;781;4014;2258;57;34;8;23;9;829;84;Matches
180;Gabriel Dias;br BRA;DF;Vasco da Gama;28;1994;0.1;5;2;4;0;1;0;5;0;0;;0;;2;2;0;0;0;0;0;0;1;0;Matches
181;Jean Dias;br BRA;FW,MF;Internacional;32;1990;3.6;169;1;13;63;94;18;169;11;5;45.5;4;36.4;103;649;297;12;10;5;9;3;115;26;Matches
182;Luan Dias;br BRA;MF,FW;Santos;25;1997;2.1;84;0;15;43;29;1;84;5;4;80.0;1;20.0;46;373;172;7;2;1;3;3;51;3;Matches
183;Matheus Dias;br BRA;MF,FW;Internacional;25;1997;4.5;273;11;70;139;67;5;273;8;5;62.5;3;37.5;152;722;349;9;6;1;10;8;173;16;Matches
184;Diego;br BRA;DF;São Paulo;23;1999;19.4;1497;197;773;702;25;10;1497;7;5;71.4;2;28.6;941;4678;2519;2;4;0;7;2;1119;1;Matches
185;Dieguinho;br BRA;DF,FW;Goiás;27;1995;12.0;682;33;175;354;166;6;682;40;15;37.5;16;40.0;389;2416;1266;27;22;2;20;17;416;34;Matches
186;Diogo;br BRA;FW,MF;Coritiba;26;1996;8.4;277;5;26;142;110;28;277;13;6;46.2;6;46.2;133;564;202;7;3;1;22;9;170;26;Matches
187;Dodi;br BRA;MF;Santos;26;1996;19.1;714;40;202;418;111;15;714;30;11;36.7;10;33.3;391;2245;1076;19;15;1;21;11;382;18;Matches
188;Dodô;br BRA;DF;Atlético Mineiro;30;1992;0.7;65;0;9;37;19;0;65;1;0;0.0;1;100.0;36;202;102;2;2;0;1;0;47;7;Matches
189;Dodô;br BRA;DF;Santos;30;1992;15.8;985;56;293;510;195;18;985;11;6;54.5;5;45.5;512;2914;1662;26;24;1;16;6;555;42;Matches
190;Dodô;br BRA;MF,FW;Goiás;21;2001;3.6;189;3;31;85;75;5;189;11;4;36.4;3;27.3;122;789;314;7;3;1;10;8;126;9;Matches
191;Thiago Dombroski;br BRA;DF;Coritiba;20;2002;5.6;311;36;147;162;4;2;311;2;1;50.0;0;0.0;183;1019;611;5;2;0;3;1;216;0;Matches
192;Halerrandrio dos Santos;br BRA;MF;Goiás;16;2006;0.3;9;0;2;3;6;1;9;1;0;0.0;1;100.0;6;97;35;1;1;0;1;0;3;3;Matches
193;Thiago dos Santos;br BRA;DF,MF;Fluminense;33;1989;9.1;732;137;373;326;38;3;732;13;8;61.5;4;30.8;453;2797;1601;10;16;0;5;3;512;3;Matches
194;Henrique Dourado;br BRA;FW;Cruzeiro;33;1989;3.8;113;3;8;54;54;21;113;3;1;33.3;2;66.7;74;274;90;4;4;3;21;6;99;19;Matches
195;David Duarte;br BRA;DF;Bahia;28;1995;9.6;552;105;301;237;14;12;552;2;2;100.0;0;0.0;330;2491;1414;5;1;0;1;1;355;0;Matches
196;Dudu;br BRA;MF;Ath Paranaense;17;2006;0.0;2;0;0;1;1;1;2;0;0;;0;;0;0;0;0;0;0;1;0;0;0;Matches
197;Dudu;br BRA;FW;Palmeiras;31;1992;12.0;556;2;42;210;315;56;556;68;41;60.3;19;27.9;390;3494;2066;78;51;28;24;11;429;127;Matches
198;Éberth;br BRA;FW;Coritiba;19;2003;0.3;10;0;0;3;7;2;10;0;0;;0;;7;7;2;1;0;1;2;1;9;2;Matches
199;Edenílson;br BRA;MF,FW;Atlético Mineiro;33;1989;15.2;816;27;171;494;154;16;816;15;6;40.0;9;60.0;463;2228;1206;24;17;3;26;12;546;50;Matches
200;Eder;br BRA;DF;América (MG);27;1995;17.4;893;163;488;386;27;10;893;2;1;50.0;1;50.0;478;2615;1652;9;5;0;5;1;492;4;Matches
201;EDU;br BRA;DF;Goiás;22;2000;4.8;275;58;153;116;7;3;275;3;2;66.7;1;33.3;140;527;345;1;1;0;0;1;172;0;Matches
202;Edu;br BRA;FW,MF;Coritiba;29;1993;3.6;118;2;5;58;58;16;118;7;4;57.1;3;42.9;74;307;121;5;7;2;8;8;87;17;Matches
203;Carlos Eduardo;br BRA;MF,FW;Atlético Mineiro;18;2004;0.1;5;0;1;2;2;0;5;1;0;0.0;0;0.0;4;14;7;0;0;0;1;0;4;1;Matches
204;Carlos Eduardo;br BRA;MF;Botafogo (RJ);33;1989;29.7;1371;22;115;912;355;59;1371;56;20;35.7;28;50.0;862;4362;1949;35;34;4;47;21;1026;89;Matches
205;Eguinaldo;br BRA;FW,MF;Vasco da Gama;18;2004;0.7;22;1;1;11;11;1;22;2;1;50.0;1;50.0;8;69;13;1;2;1;1;1;15;2;Matches
206;Rafael Elias;br BRA;FW;Cruzeiro;23;1999;6.0;167;5;7;65;96;27;167;12;6;50.0;6;50.0;91;331;123;8;4;4;8;8;124;36;Matches
207;Rodrigo Ely;br BRA;DF;Grêmio;29;1993;7.4;278;67;170;107;3;3;278;0;0;;0;;110;476;238;1;0;0;2;0;142;0;Matches
208;Lucas Emmanuel;br BRA;FW;Goiás;22;2000;0.6;16;1;1;12;3;1;16;0;0;;0;;7;12;1;0;0;0;4;0;10;2;Matches
209;Leandro Emmanuel Martínez;ar ARG;MF;América (MG);28;1994;28.2;1838;58;321;974;583;45;1838;105;49;46.7;47;44.8;1076;6873;2696;70;53;11;55;27;1164;104;Matches
210;Alan Empereur;br BRA;DF;Cuiabá;28;1994;32.8;1910;223;895;957;69;16;1910;9;9;100.0;0;0.0;1081;6373;4285;31;16;2;21;8;1247;7;Matches
211;Endrick;br BRA;FW;Palmeiras;16;2006;17.3;570;6;21;262;300;72;569;74;34;45.9;35;47.3;383;2896;1501;58;38;27;58;21;437;100;Matches
212;Erick;br BRA;MF;Ath Paranaense;25;1997;27.8;1444;55;303;943;219;78;1444;46;30;65.2;15;32.6;807;3609;1830;27;23;4;46;14;972;37;Matches
213;Erison;br BRA;FW,MF;São Paulo;23;1999;4.3;102;2;3;31;70;29;101;20;8;40.0;12;60.0;66;506;234;11;8;7;16;8;83;28;Matches
214;Gonzalo Escobar;ar ARG;DF;Fortaleza;25;1997;6.4;445;19;104;212;134;6;445;10;7;70.0;2;20.0;213;1391;697;11;12;0;11;4;239;53;Matches
215;Lucas Esquivel;ar ARG;DF;Ath Paranaense;21;2001;18.3;1271;55;434;569;278;8;1271;30;9;30.0;17;56.7;589;2913;1545;28;21;1;15;15;663;47;Matches
216;Estevão;br BRA;MF;Internacional;20;2002;0.1;14;0;3;8;3;0;14;0;0;;0;;10;37;16;0;0;0;0;0;11;0;Matches
217;Estevão;br BRA;FW;Palmeiras;16;2006;0.1;;;;;;;;;;;;;;;;;;;;;;;Matches
218;Vitor Eudes;br BRA;GK;Fluminense;24;1998;1.0;25;22;25;0;0;0;25;0;0;;0;;18;64;30;0;0;0;0;0;15;0;Matches
219;Lucas Evangelista;br BRA;MF;Bragantino;27;1995;30.2;1908;34;195;843;880;76;1908;75;31;41.3;30;40.0;1014;4138;1705;34;40;7;63;49;1282;151;Matches
220;Everaldo;br BRA;FW,MF;América (MG);28;1994;13.7;572;8;73;212;300;33;572;55;16;29.1;25;45.5;385;3151;1612;54;35;10;31;13;406;101;Matches
221;Éverson;br BRA;GK;Atlético Mineiro;32;1990;36.0;1141;1023;1139;3;0;0;1141;0;0;;0;;657;3233;2034;0;1;1;1;0;550;0;Matches
222;Everton;br BRA;FW,MF;Grêmio;25;1997;13.5;589;9;64;270;260;29;589;56;24;42.9;31;55.4;368;1999;765;21;19;8;38;30;421;64;Matches
223;Bruno Fabiano Alves;br BRA;DF;Grêmio;31;1991;27.2;1151;159;607;522;26;13;1151;5;5;100.0;0;0.0;595;2731;1453;6;2;0;4;2;650;1;Matches
224;Fabinho;br BRA;MF;Palmeiras;20;2002;6.5;391;13;76;250;66;4;391;9;3;33.3;4;44.4;220;1017;541;8;4;0;12;2;252;7;Matches
225;Fábio;br BRA;GK;Fluminense;42;1980;35.0;1134;1022;1133;1;0;0;1134;0;0;;0;;591;2058;1066;0;0;0;3;0;504;0;Matches
226;Fábio;br BRA;DF,MF;Grêmio;32;1990;9.7;582;41;144;231;210;16;582;5;2;40.0;3;60.0;269;1300;730;23;19;1;9;4;331;70;Matches
227;Fagner;br BRA;DF;Corinthians;33;1989;23.3;1790;98;552;861;394;18;1790;29;13;44.8;14;48.3;948;4083;2277;45;35;4;27;11;1076;83;Matches
228;Willian Farias;br BRA;MF;Coritiba;33;1989;10.7;551;33;156;348;54;1;551;18;14;77.8;4;22.2;298;1588;694;6;3;0;11;6;332;2;Matches
229;Luiz Felipe;br BRA;DF;Santos;29;1993;0.0;0;0;0;0;0;0;0;0;0;;0;;0;0;0;0;0;0;0;0;0;0;Matches
230;Marcos Felipe;br BRA;GK;Bahia;26;1996;37.0;1248;1105;1247;1;0;0;1248;0;0;;0;;639;3268;2140;0;1;0;1;0;498;0;Matches
231;Matheus Felipe;br BRA;DF;Ath Paranaense;24;1998;5.9;295;45;160;129;8;1;295;1;0;0.0;1;100.0;152;667;314;4;3;0;2;1;184;0;Matches
232;Danilo Fernandes;br BRA;GK;Bahia;34;1988;0.4;18;17;18;0;0;0;18;0;0;;0;;10;41;23;0;0;0;0;0;4;0;Matches
233;Lucas Fernandes;br BRA;MF;Botafogo (RJ);25;1997;5.3;313;5;45;167;106;13;313;14;5;35.7;5;35.7;179;1232;529;14;8;3;12;5;216;27;Matches
234;Matheus Fernandes;br BRA;MF;Bragantino;24;1998;26.0;1576;40;287;1009;303;14;1576;51;30;58.8;17;33.3;856;3963;2040;41;45;2;42;24;936;46;Matches
235;Nathan Fernandes;br BRA;FW,MF;Grêmio;17;2005;4.2;170;3;18;52;105;20;170;24;16;66.7;5;20.8;129;1083;518;15;12;11;18;6;134;40;Matches
236;Gatito Fernández;py PAR;GK;Botafogo (RJ);34;1988;0.5;15;13;15;0;0;0;15;0;0;;0;;9;39;24;0;0;0;0;0;3;0;Matches
237;Leonardo Fernández;uy URU;MF,FW;Fluminense;24;1998;7.3;552;6;73;223;264;10;551;41;19;46.3;18;43.9;346;1952;916;25;19;6;19;19;415;69;Matches
238;Rodrigo Fernández;uy URU;MF;Santos;27;1996;22.4;1120;48;277;724;135;8;1120;20;8;40.0;10;50.0;631;3356;1781;18;17;2;22;11;632;8;Matches
239;Fernandinho;br BRA;MF;Ath Paranaense;37;1985;21.5;1387;52;273;936;196;16;1386;35;19;54.3;12;34.3;854;4210;2130;35;39;4;19;19;988;52;Matches
240;Fernando;br BRA;DF;Ath Paranaense;23;1999;5.3;373;12;99;188;87;1;373;3;1;33.3;2;66.7;199;1129;668;17;12;1;11;2;220;31;Matches
241;Nahuel Ferraresi;ve VEN;FW;São Paulo;24;1998;0.0;3;0;2;1;0;0;3;0;0;;0;;0;0;0;0;0;0;0;0;0;0;Matches
242;Ferreira;br BRA;FW,MF;Grêmio;25;1997;12.7;700;9;93;288;344;48;700;72;35;48.6;34;47.2;481;3545;1949;53;40;17;36;19;526;128;Matches
243;Sebastián Ferreira;py PAR;FW,MF;Vasco da Gama;24;1998;4.9;155;0;9;66;81;20;155;5;3;60.0;2;40.0;90;344;106;3;3;0;12;7;115;20;Matches
244;Figueiredo;br BRA;FW,MF;Vasco da Gama;21;2001;7.3;360;9;56;140;172;31;360;42;21;50.0;19;45.2;218;1327;500;15;17;2;16;13;255;65;Matches
245;Tobias Figueiredo;pt POR;DF;Fortaleza;28;1994;3.8;212;22;99;107;6;2;212;1;1;100.0;0;0.0;111;524;304;1;1;0;1;0;146;0;Matches
246;Matheus França;br BRA;MF,FW;Flamengo;18;2004;4.1;215;1;17;77;122;28;215;21;11;52.4;9;42.9;139;979;450;16;10;9;9;9;164;43;Matches
247;Alan Franco;ec ECU;MF,FW;Atlético Mineiro;24;1998;9.3;440;20;108;275;63;9;440;3;1;33.3;2;66.7;206;877;385;4;6;0;6;2;262;8;Matches
248;Alan Franco;ar ARG;DF;São Paulo;26;1996;12.5;1030;112;486;522;27;10;1030;8;8;100.0;0;0.0;686;3515;1934;7;5;0;9;3;772;1;Matches
249;Fransérgio;br BRA;MF;Coritiba;32;1990;5.9;356;24;84;241;34;6;356;7;6;85.7;1;14.3;210;1121;584;12;5;1;3;2;229;9;Matches
250;Marlon Freitas;br BRA;MF;Botafogo (RJ);27;1995;32.3;2152;106;442;1458;268;19;2152;6;5;83.3;1;16.7;1236;6998;3427;34;33;2;13;3;1463;21;Matches
251;Bruno Fuchs;br BRA;DF;Atlético Mineiro;23;1999;12.1;776;99;378;389;17;0;776;5;3;60.0;2;40.0;482;2841;1881;5;6;0;2;3;528;0;Matches
252;Julio Furch;ar ARG;FW,MF;Santos;33;1989;6.8;277;10;16;126;141;45;277;12;7;58.3;5;41.7;152;525;197;5;10;1;19;6;208;49;Matches
253;Gabriel;br BRA;DF;Bahia;21;2001;10.9;661;81;350;293;18;10;661;3;1;33.3;1;33.3;330;1790;1027;9;5;0;1;0;382;1;Matches
254;Gabriel;br BRA;MF;Internacional;30;1992;8.5;721;13;149;523;57;0;721;4;1;25.0;1;25.0;447;2073;1095;7;10;0;8;6;535;3;Matches
255;Gabriel;br BRA;GK;Coritiba;30;1992;30.7;1098;950;1090;8;0;0;1098;0;0;;0;;543;2839;1589;0;0;0;1;0;378;0;Matches
256;Gabriel;br BRA;MF;Botafogo (RJ);29;1993;9.6;664;18;121;403;147;16;664;24;12;50.0;11;45.8;365;1784;789;11;12;1;19;17;452;29;Matches
257;Eduardo Gabriel;br BRA;DF;Santos;26;1996;3.0;149;24;86;55;9;9;149;1;1;100.0;0;0.0;70;301;131;1;0;0;1;0;79;1;Matches
258;Thalisson Gabriel;br BRA;DF;Coritiba;21;2002;10.5;577;98;346;218;17;6;577;7;7;100.0;0;0.0;285;1325;780;4;2;1;11;0;349;1;Matches
259;Zé Gabriel;br BRA;MF;Vasco da Gama;24;1999;21.5;1263;87;420;764;95;8;1263;18;8;44.4;8;44.4;766;4094;2263;24;16;2;15;12;861;12;Matches
260;Ighor Gabryel;br BRA;FW;América (MG);20;2003;0.3;14;1;2;5;7;2;14;1;0;0.0;1;100.0;8;20;0;0;0;0;4;1;9;2;Matches
261;Matías Galarza;py PAR;MF;Vasco da Gama;20;2002;4.5;192;10;42;97;56;4;192;10;7;70.0;2;20.0;93;507;259;4;6;0;8;0;102;19;Matches
262;Thiago Galhardo;br BRA;FW,MF;Fortaleza;33;1989;20.8;727;27;83;343;309;87;725;54;29;53.7;22;40.7;423;2025;984;26;28;7;51;31;536;91;Matches
263;JP Galvão;br BRA;DF;Botafogo (RJ);21;2001;2.2;118;8;40;53;26;0;118;3;0;0.0;2;66.7;51;237;111;2;0;0;2;2;51;10;Matches
264;Ganso;br BRA;MF;Fluminense;33;1989;19.3;1494;26;273;763;464;27;1494;18;12;66.7;3;16.7;1002;3132;1455;17;27;3;14;11;1221;75;Matches
265;Maurício Garcez;br BRA;MF,FW;Coritiba;25;1997;6.6;216;13;29;88;103;23;216;17;9;52.9;8;47.1;114;649;366;11;5;3;16;9;143;34;Matches
266;García;br BRA;DF;Palmeiras;21;2002;3.3;210;7;74;93;43;2;210;2;2;100.0;0;0.0;114;528;313;5;2;1;3;2;123;11;Matches
267;Bryan García;ec ECU;MF;Ath Paranaense;22;2001;0.0;0;0;0;0;0;0;0;0;0;;0;;0;0;0;0;0;0;0;0;0;0;Matches
268;Luan Garcia;br BRA;DF;Palmeiras;29;1993;20.2;1208;134;530;645;35;22;1208;8;7;87.5;1;12.5;748;3489;1952;12;6;0;9;2;818;0;Matches
269;Rafael Gava;br BRA;MF;Cuiabá;29;1993;0.2;7;0;3;2;2;0;7;0;0;;0;;4;25;20;1;1;0;0;0;4;0;Matches
270;Pedro Geromel;br BRA;DF;Grêmio;37;1985;5.2;291;48;161;122;9;1;291;0;0;;0;;164;661;307;0;1;0;2;0;168;4;Matches
271;Gerson;br BRA;MF;Flamengo;25;1997;29.9;1821;44;230;913;701;106;1821;87;48;55.2;31;35.6;1182;5673;2873;82;59;16;53;33;1377;198;Matches
272;Gil;br BRA;DF;Corinthians;35;1987;32.0;1761;353;1013;706;52;41;1761;5;1;20.0;4;80.0;1036;3768;1671;4;6;0;4;2;1196;5;Matches
273;Gilberto;br BRA;FW;Cruzeiro;33;1989;12.1;364;10;26;160;179;52;364;7;3;42.9;3;42.9;173;597;214;10;7;4;24;8;260;55;Matches
274;Gilberto;br BRA;DF;Bahia;29;1993;20.6;1425;46;328;707;410;24;1425;52;23;44.2;24;46.2;772;3948;2155;56;52;1;40;31;857;90;Matches
275;Giovane;br BRA;FW;Corinthians;19;2003;1.5;50;2;7;21;23;4;50;4;0;0.0;4;100.0;30;146;35;1;2;0;6;4;34;7;Matches
276;Giovani;br BRA;FW;Palmeiras;19;2004;0.2;17;0;4;3;10;4;17;2;0;0.0;1;50.0;11;189;105;6;4;1;1;0;10;5;Matches
277;Giovanni;br BRA;MF,DF;Fluminense;21;2002;1.1;101;4;26;43;32;1;101;4;1;25.0;1;25.0;70;395;177;3;7;0;3;0;81;7;Matches
278;Bruno Gomes;br BRA;MF;Coritiba;21;2001;24.4;1214;32;246;649;339;46;1214;69;33;47.8;29;42.0;665;3995;1994;53;35;16;47;23;789;61;Matches
279;Igor Gomes;br BRA;MF,FW;Atlético Mineiro;23;1999;15.3;862;15;138;407;331;30;862;43;30;69.8;10;23.3;516;2839;1191;32;27;5;45;16;600;83;Matches
280;Igor Gomes;br BRA;DF;Internacional;21;2001;16.3;1235;88;477;610;164;18;1235;43;27;62.8;11;25.6;720;4500;2739;35;29;3;20;11;802;39;Matches
281;Marlon Gomes;br BRA;MF;Vasco da Gama;19;2003;12.7;;;;;;;;;;;;;;;;;;;;;;;Matches
282;William Gomes;br BRA;FW;São Paulo;16;2006;0.8;35;0;6;14;17;2;35;4;0;0.0;4;100.0;17;165;109;3;1;0;2;3;16;7;Matches
283;Gustavo Gómez;py PAR;DF;Palmeiras;29;1993;30.7;1960;179;863;989;119;61;1960;6;5;83.3;1;16.7;1121;5117;2906;13;11;1;15;2;1300;19;Matches
284;Sebastián Gómez;co COL;MF;Coritiba;26;1996;15.9;711;18;148;432;138;14;711;19;4;21.1;14;73.7;409;1801;807;17;7;1;25;7;440;33;Matches
285;Aloísio dos Santos Gonçalves;cn CHN;FW,MF;América (MG);34;1988;8.0;276;4;27;96;158;42;274;23;9;39.1;13;56.5;154;682;273;6;5;6;22;8;181;49;Matches
286;Diego Gonçalves;br BRA;FW,MF;Goiás;28;1994;4.0;185;10;34;73;80;14;185;17;8;47.1;8;47.1;109;524;207;6;4;2;17;4;119;26;Matches
287;Mateus Gonçalves Martins;br BRA;MF,FW;América (MG);28;1994;0.7;40;0;3;16;23;4;40;7;2;28.6;2;28.6;29;294;150;6;4;3;2;4;26;11;Matches
288;Matheus Gonçalves;br BRA;FW,MF;Flamengo;17;2005;0.2;23;0;0;7;16;0;23;2;1;50.0;1;50.0;18;95;52;1;1;0;1;0;20;4;Matches
289;Matheus Gonçalves;br BRA;FW,MF;Bragantino;17;2005;5.1;370;2;33;144;206;26;370;44;22;50.0;20;45.5;272;2146;1150;33;35;9;23;17;278;36;Matches
290;Yony González;co COL;FW,MF;Fluminense;28;1994;6.4;194;13;40;50;105;43;194;7;4;57.1;3;42.9;89;328;99;3;0;2;10;3;122;47;Matches
291;Roger Guedes;br BRA;FW,MF;Corinthians;26;1996;15.0;646;14;64;293;298;66;644;41;16;39.0;20;48.8;436;2811;1295;38;28;17;25;13;517;100;Matches
292;Guga;br BRA;DF;Fluminense;24;1998;16.8;1143;67;348;492;311;27;1143;11;4;36.4;5;45.5;670;2856;1529;31;21;3;20;17;740;93;Matches
293;Guilherme;br BRA;MF;Goiás;31;1991;20.6;1089;10;147;525;421;38;1085;22;9;40.9;11;50.0;512;2179;1088;21;19;5;30;17;634;87;Matches
294;Guilherme;br BRA;FW,MF;Fortaleza;27;1995;15.7;725;15;114;278;344;60;725;51;20;39.2;23;45.1;428;3029;1500;60;31;23;35;15;449;104;Matches
295;Guilherme;br BRA;DF,MF;Bragantino;20;2002;2.9;187;7;49;85;54;2;187;2;1;50.0;1;50.0;87;486;280;4;6;0;4;3;93;9;Matches
296;Luis Guilherme;br BRA;FW,MF;Palmeiras;16;2006;6.4;335;4;30;156;155;18;335;43;22;51.2;11;25.6;233;2020;1094;35;32;8;18;13;244;54;Matches
297;Gustavinho;br BRA;FW,MF;Grêmio;21;2001;0.4;26;0;4;14;9;1;26;1;0;0.0;1;100.0;18;68;38;0;1;0;1;1;21;2;Matches
298;Gustavinho;br BRA;MF,FW;Bragantino;18;2004;7.4;399;6;48;208;149;12;399;36;24;66.7;11;30.6;225;1162;573;15;10;4;19;18;249;26;Matches
299;Raphael Guzzo;pt POR;MF;Goiás;28;1995;6.4;377;14;72;214;94;9;377;6;3;50.0;3;50.0;187;1058;589;13;4;0;5;10;260;15;Matches
300;Lucas Halter;br BRA;DF;Goiás;22;2000;28.7;1531;247;795;690;56;37;1531;12;8;66.7;4;33.3;852;4594;3256;20;5;1;11;6;970;1;Matches
301;Hayner;br BRA;DF,MF;Coritiba;27;1995;3.4;190;10;54;79;60;2;190;19;11;57.9;5;26.3;105;930;516;14;14;0;8;2;104;15;Matches
302;Thiago Heleno;br BRA;DF;Ath Paranaense;34;1988;30.9;1835;303;1011;787;52;40;1835;3;0;0.0;1;33.3;986;3717;1620;2;1;0;9;0;1156;2;Matches
303;Helinho;br BRA;FW;Bragantino;22;2000;15.4;1006;8;87;337;596;54;1006;85;39;45.9;39;45.9;640;4272;1902;54;46;19;45;15;707;168;Matches
304;Henrique;br BRA;DF;Coritiba;36;1986;22.5;941;195;569;362;18;11;941;2;2;100.0;0;0.0;485;2559;1445;3;3;0;4;3;534;0;Matches
305;Bruno Henrique;br BRA;FW,MF;Flamengo;32;1990;17.1;736;23;73;241;435;88;736;62;27;43.5;30;48.4;484;3267;1714;64;47;21;44;26;550;198;Matches
306;Bruno Henrique;br BRA;MF;Internacional;33;1989;11.7;842;18;86;568;192;13;842;7;4;57.1;3;42.9;456;1905;930;18;19;2;15;10;651;28;Matches
307;Dalbert Henrique;br BRA;DF;Internacional;29;1993;5.5;389;7;107;192;93;0;389;7;1;14.3;6;85.7;196;802;384;5;9;0;9;1;216;21;Matches
308;Fernando Henrique;br BRA;MF;Cruzeiro;21;2001;1.5;66;2;4;42;20;3;66;1;1;100.0;0;0.0;33;95;17;0;2;0;4;1;40;4;Matches
309;Luis Henrique;br BRA;FW,MF;Botafogo (RJ);21;2001;15.3;785;8;108;343;359;37;785;78;46;59.0;27;34.6;505;4050;1954;59;42;20;34;19;580;146;Matches
310;Mateus Henrique;br BRA;DF;América (MG);20;2002;6.0;356;29;110;162;86;4;356;8;5;62.5;2;25.0;158;937;469;7;10;1;14;2;186;23;Matches
311;Paulo Henrique;br BRA;DF;Vasco da Gama;26;1996;9.5;593;32;162;256;185;11;593;28;18;64.3;6;21.4;294;1705;948;22;17;6;14;8;298;39;Matches
312;Pedro Henrique;br BRA;DF;Ath Paranaense;27;1995;9.5;567;90;284;257;29;9;567;4;3;75.0;1;25.0;307;1463;928;8;4;0;1;0;360;2;Matches
313;Pedro Henrique;br BRA;FW,MF;Internacional;32;1990;14.1;548;10;67;204;287;61;547;56;23;41.1;32;57.1;360;2679;1204;43;35;16;33;11;396;122;Matches
314;Breno Herculano;br BRA;FW,MF;Goiás;23;1999;0.9;24;1;1;10;13;3;24;1;0;0.0;1;100.0;11;67;24;0;2;1;1;2;16;5;Matches
315;Hércules;br BRA;MF;Fortaleza;22;2000;8.6;416;14;79;247;95;11;416;27;17;63.0;9;33.3;237;1363;514;12;8;2;13;8;272;14;Matches
316;Diego Hernández;uy URU;FW;Botafogo (RJ);22;2000;0.5;22;1;5;6;11;2;22;1;0;0.0;1;100.0;10;57;18;1;1;0;3;1;14;3;Matches
317;Nicolás Hernández;co COL;DF;Internacional;25;1998;14.4;908;90;371;509;30;7;908;2;1;50.0;1;50.0;595;4757;3225;26;12;0;1;2;634;2;Matches
318;Lucca Holanda;br BRA;FW;Internacional;19;2003;6.1;196;3;13;69;114;25;196;14;8;57.1;5;35.7;116;673;246;10;5;3;18;6;142;49;Matches
319;Hugo;br BRA;DF;Goiás;25;1997;15.8;918;66;338;336;253;21;918;9;4;44.4;5;55.6;370;1679;969;22;18;6;16;7;462;68;Matches
320;Hugo;br BRA;DF;Botafogo (RJ);21;2001;15.5;997;38;248;470;286;14;997;32;14;43.8;16;50.0;450;2487;1490;36;24;2;27;5;506;75;Matches
321;Victor Hugo;br BRA;MF,FW;Flamengo;18;2004;14.2;833;14;89;509;245;29;833;50;34;68.0;15;30.0;556;3286;1692;31;32;5;28;16;648;55;Matches
322;Vitor Hugo;br BRA;DF;Bahia;31;1991;23.7;1245;138;618;592;36;27;1245;0;0;;0;;720;4433;2555;22;6;0;7;1;803;3;Matches
323;Hulk;br BRA;FW;Atlético Mineiro;36;1986;32.7;1484;40;86;583;848;105;1479;176;83;47.2;71;40.3;940;5590;2688;87;75;32;126;109;1140;204;Matches
324;José Hurtado;ec ECU;DF;Bragantino;21;2001;18.0;1181;49;261;536;392;19;1181;38;20;52.6;15;39.5;577;3165;1683;57;34;9;18;7;569;79;Matches
325;Hyoran;br BRA;MF,FW;Atlético Mineiro;29;1993;7.7;391;8;47;177;172;15;391;21;10;47.6;10;47.6;224;1156;595;16;19;1;17;5;249;30;Matches
326;Igor;br BRA;MF;Flamengo;19;2003;0.9;71;2;5;46;21;1;71;1;1;100.0;0;0.0;47;206;73;2;2;0;3;2;55;3;Matches
327;André Inácio;br BRA;FW;Flamengo;20;2002;0.2;5;0;3;1;1;0;5;0;0;;0;;2;3;0;0;0;0;0;0;2;1;Matches
328;Gabriel Inocêncio;br BRA;DF;Santos;28;1994;14.2;929;55;301;442;197;11;929;53;24;45.3;26;49.1;446;2657;1268;24;17;3;26;17;485;46;Matches
329;Isaac;br BRA;FW;Atlético Mineiro;18;2004;0.2;7;0;0;3;4;1;7;0;0;;0;;3;17;0;0;0;0;1;1;4;3;Matches
330;Isaac;br BRA;MF,DF;Fluminense;18;2004;1.5;122;0;26;36;63;9;122;22;11;50.0;9;40.9;73;470;217;6;4;3;9;4;78;24;Matches
331;Juan Iturbe;py PAR;FW,MF;Grêmio;29;1993;0.8;50;2;15;23;12;4;50;7;4;57.1;3;42.9;30;219;78;0;0;1;5;1;30;9;Matches
332;Zé Ivaldo;br BRA;DF;Ath Paranaense;25;1997;11.3;669;79;322;340;14;2;669;12;8;66.7;1;8.3;344;1652;1001;9;2;0;9;3;400;2;Matches
333;Ivonei;br BRA;MF;Santos;20;2002;0.0;3;0;0;3;0;0;3;0;0;;0;;1;5;0;0;0;0;0;0;3;1;Matches
334;Vítor Jacaré;br BRA;DF,MF;Bahia;23;1999;9.5;599;17;120;253;237;22;599;35;23;65.7;10;28.6;305;1901;1032;28;11;6;16;7;338;67;Matches
335;Jadsom;br BRA;MF;Bragantino;21;2001;21.1;1346;45;252;811;299;22;1346;26;18;69.2;6;23.1;696;3119;1308;16;20;3;26;24;813;51;Matches
336;Jair;br BRA;MF;Vasco da Gama;28;1994;17.7;1147;34;210;725;226;21;1145;34;17;50.0;11;32.4;739;3955;2188;32;27;4;25;5;798;32;Matches
337;Jamerson;br BRA;DF,FW;Coritiba;24;1998;21.0;1179;63;398;521;287;16;1179;88;53;60.2;30;34.1;622;4177;2370;54;39;8;26;14;578;78;Matches
338;Janderson;br BRA;FW,MF;Botafogo (RJ);23;1999;4.6;189;4;11;76;108;25;189;22;9;40.9;12;54.5;107;730;339;16;8;5;23;7;125;31;Matches
339;Jandrei;br BRA;GK;São Paulo;29;1993;5.0;248;205;247;1;0;0;248;0;0;;0;;147;617;405;0;0;0;0;0;151;0;Matches
340;Léo Jardim;br BRA;GK;Vasco da Gama;27;1995;38.0;1049;912;1043;6;0;0;1049;0;0;;0;;491;2760;1706;0;0;0;0;0;339;0;Matches
341;Jemerson;br BRA;DF;Atlético Mineiro;30;1992;27.5;1770;294;919;817;39;15;1770;7;4;57.1;3;42.9;1019;6322;4030;21;7;0;6;5;1115;5;Matches
342;Jesé;es ESP;MF;Coritiba;29;1993;1.1;50;0;2;17;32;6;50;6;1;16.7;5;83.3;32;118;41;2;2;1;5;0;36;9;Matches
343;Alexandre Jesus;br BRA;DF;Fluminense;21;2001;0.1;13;2;6;4;3;0;13;2;2;100.0;0;0.0;6;32;16;0;0;0;2;0;7;2;Matches
344;Jhow;br BRA;DF;América (MG);19;2003;0.2;20;2;7;13;0;0;20;1;0;0.0;1;100.0;14;87;16;0;0;0;0;0;13;0;Matches
345;Joaquim;br BRA;DF;Santos;24;1998;30.3;1584;251;854;647;94;61;1584;18;10;55.6;6;33.3;783;3995;2053;8;12;1;15;3;862;8;Matches
346;John;br BRA;GK;Internacional;26;1996;9.0;252;212;252;0;0;0;252;1;1;100.0;0;0.0;121;666;398;0;0;0;1;0;73;0;Matches
347;Felipe Jonatan;br BRA;DF;Santos;24;1998;1.0;84;1;19;45;24;0;84;3;2;66.7;1;33.3;54;215;139;3;3;0;0;0;56;5;Matches
348;Jori;br BRA;GK;América (MG);26;1996;11.0;313;287;312;1;0;0;313;0;0;;0;;120;724;453;0;0;0;0;0;51;0;Matches
349;Josué;br BRA;MF;Grêmio;17;2005;1.3;77;7;24;43;10;0;77;0;0;;0;;31;188;38;1;0;0;3;1;31;2;Matches
350;Jhonatan Jowjow;br BRA;MF,FW;Palmeiras;20;2002;9.9;426;11;63;204;167;23;426;35;20;57.1;12;34.3;217;1265;522;16;7;6;17;24;262;37;Matches
351;Daniel Jr;br BRA;MF;Cruzeiro;20;2002;0.3;43;2;6;14;25;0;43;9;6;66.7;1;11.1;36;215;90;2;4;0;3;1;39;4;Matches
352;Luciano Juba;br BRA;DF,MF;Bahia;23;1999;7.2;435;15;85;168;185;14;435;7;2;28.6;5;71.4;210;948;545;13;12;1;8;2;237;39;Matches
353;Juninho;br BRA;MF;América (MG);35;1987;32.5;1274;57;274;589;434;94;1274;38;19;50.0;14;36.8;636;2777;1251;31;19;7;52;22;758;164;Matches
354;Jussa;br BRA;MF;Cruzeiro;26;1996;19.6;977;47;270;591;121;14;977;17;13;76.5;3;17.6;530;2327;1103;10;9;0;21;8;611;13;Matches
355;Justen;br BRA;DF;Fluminense;19;2003;0.6;34;5;13;18;4;1;34;0;0;;0;;19;42;17;0;0;0;1;0;24;3;Matches
356;Kaiki;br BRA;DF,FW;Cruzeiro;19;2003;2.5;140;9;41;67;33;3;140;14;7;50.0;6;42.9;49;297;147;3;3;0;7;2;49;9;Matches
357;Kaio;br BRA;MF,FW;Coritiba;18;2004;9.8;396;8;88;153;164;14;396;57;21;36.8;24;42.1;275;2200;1136;33;28;3;28;18;280;66;Matches
358;Lucas Kal;br BRA;MF;América (MG);26;1996;13.7;711;39;176;440;99;9;711;4;2;50.0;2;50.0;422;2249;1243;21;11;0;8;3;453;13;Matches
359;Walter Kannemann;ar ARG;DF;Grêmio;31;1991;26.2;1323;174;636;614;77;15;1323;8;3;37.5;3;37.5;605;3069;1764;12;10;2;9;5;680;1;Matches
360;Kanu;br BRA;DF;Bahia;25;1997;32.3;1845;203;857;932;73;31;1845;18;15;83.3;2;11.1;1111;6187;3877;28;16;0;9;8;1197;7;Matches
361;Alan Kardec;br BRA;FW,MF;Atlético Mineiro;34;1989;2.9;71;1;2;38;32;14;71;2;2;100.0;0;0.0;31;98;32;2;0;0;4;1;50;7;Matches
362;Kauan;br BRA;FW;Fortaleza;17;2005;0.1;12;0;1;2;9;0;12;2;0;0.0;2;100.0;9;30;11;1;1;0;1;1;9;1;Matches
363;Vinicius Kaue;br BRA;DF,MF;Ath Paranaense;19;2003;3.8;261;14;102;131;30;0;261;3;2;66.7;1;33.3;143;664;346;3;4;0;3;1;152;8;Matches
364;Kayque;br BRA;MF;Botafogo (RJ);22;2000;0.3;27;0;6;14;7;0;27;2;0;0.0;2;100.0;16;74;38;1;0;0;0;0;20;1;Matches
365;Renato Kayser;br BRA;FW,MF;América (MG);26;1996;0.4;21;0;2;4;15;5;21;0;0;;0;;8;14;7;0;0;0;1;0;16;2;Matches
366;Keiller;br BRA;GK;Internacional;26;1996;10.0;277;238;277;0;0;0;277;0;0;;0;;125;691;424;0;0;0;1;0;103;0;Matches
367;John Kennedy;br BRA;FW,MF;Fluminense;20;2002;15.2;555;17;62;201;301;87;555;95;41;43.2;47;49.5;356;1909;886;32;15;20;64;29;431;117;Matches
368;Keno;br BRA;FW,MF;Fluminense;33;1989;17.9;897;30;131;249;527;61;896;101;55;54.5;37;36.6;597;3852;2209;84;37;34;42;17;672;219;Matches
369;Kevin;br BRA;FW,DF;Palmeiras;20;2003;2.6;124;1;17;48;62;12;124;22;10;45.5;9;40.9;84;731;405;14;13;4;7;6;84;22;Matches
370;Kevyson;br BRA;DF;Santos;18;2004;10.8;573;19;158;257;165;8;573;44;20;45.5;17;38.6;282;1871;871;34;21;2;11;8;319;62;Matches
371;Khellven;br BRA;DF;Ath Paranaense;21;2001;11.1;591;38;183;223;188;13;591;13;8;61.5;5;38.5;280;1464;826;18;17;3;16;4;310;51;Matches
372;Maurício Kozlinski;br BRA;GK;Fortaleza;31;1991;1.0;18;12;18;0;0;0;18;0;0;;0;;7;24;21;0;0;0;0;0;6;0;Matches
373;Benjamín Kuscevic;cl CHI;DF;Coritiba;26;1996;22.5;1221;199;711;489;31;12;1221;11;10;90.9;1;9.1;682;3100;1460;6;5;1;12;1;719;5;Matches
374;Derik Lacerda;br BRA;FW,MF;Cuiabá;23;1999;7.3;250;2;40;91;127;22;250;32;16;50.0;9;28.1;170;1365;715;19;22;6;17;12;191;52;Matches
375;Ignacio Laquintana;uy URU;FW;Bragantino;23;1999;2.0;99;0;10;30;61;6;99;5;3;60.0;2;40.0;63;306;166;6;7;1;11;0;70;23;Matches
376;Thauan Lara;br BRA;DF,MF;Internacional;19;2004;3.7;281;18;77;142;71;3;281;21;11;52.4;8;38.1;165;834;480;7;10;0;8;4;172;26;Matches
377;Lelê;br BRA;FW,MF;Fluminense;25;1997;12.7;384;12;61;148;183;74;384;33;12;36.4;20;60.6;203;1322;588;22;11;13;37;19;249;72;Matches
378;Mauricio Lemos;uy URU;DF;Atlético Mineiro;27;1995;24.6;1537;214;757;754;37;15;1537;5;4;80.0;1;20.0;894;4992;2902;17;6;0;11;6;934;2;Matches
379;Marcos Leonardo;br BRA;FW;Santos;19;2003;28.8;700;31;55;285;366;112;696;51;20;39.2;25;49.0;404;2163;967;41;21;18;63;35;511;147;Matches
380;Lian;br BRA;MF;Grêmio;17;2005;0.1;3;0;0;3;0;0;3;0;0;;0;;2;13;9;0;0;0;1;0;3;0;Matches
381;Lima;br BRA;MF,FW;Fluminense;26;1996;28.1;1861;79;414;834;641;45;1861;83;50;60.2;25;30.1;1226;6227;3459;78;62;14;50;44;1403;146;Matches
382;Lucas Lima;br BRA;MF,FW;Santos;32;1990;24.5;1376;15;162;696;546;35;1376;40;22;55.0;16;40.0;771;4836;2484;65;51;10;34;19;839;84;Matches
383;Leonardo Linck;br BRA;GK;Ath Paranaense;21;2001;5.0;151;134;151;1;0;0;151;0;0;;0;;67;405;235;0;0;0;1;0;43;0;Matches
384;Liziero;br BRA;MF;Coritiba;24;1998;6.5;366;12;81;232;58;3;366;15;10;66.7;4;26.7;199;826;355;2;7;0;6;4;238;6;Matches
385;Marcelo Lomba;br BRA;GK;Palmeiras;36;1986;3.0;110;99;109;1;0;0;110;0;0;;0;;55;290;203;0;0;0;0;0;47;0;Matches
386;José López;ar ARG;FW,MF;Palmeiras;22;2000;6.6;238;13;32;104;106;36;238;19;11;57.9;7;36.8;130;760;293;13;9;2;12;11;169;36;Matches
387;Luan;br BRA;MF;São Paulo;23;1999;6.8;392;7;71;255;67;4;392;9;3;33.3;6;66.7;194;746;319;5;4;1;6;6;262;7;Matches
388;Lucão;br BRA;DF;Bragantino;24;1998;2.2;98;8;41;50;7;3;98;1;1;100.0;0;0.0;51;256;125;0;1;1;5;0;47;0;Matches
389;Lucão;br BRA;GK;Bragantino;21;2001;5.0;159;129;159;0;0;0;159;0;0;;0;;87;500;277;0;0;0;0;0;65;0;Matches
390;Lucas;br BRA;DF;Santos;21;2001;6.8;419;26;145;188;90;6;419;14;7;50.0;4;28.6;189;1139;642;14;7;1;5;4;218;23;Matches
391;Ayrton Lucas;br BRA;DF;Flamengo;25;1997;28.8;2149;76;527;1071;575;50;2149;89;49;55.1;28;31.5;1299;7260;3666;67;73;11;33;31;1487;133;Matches
392;Jean Lucas;br BRA;MF;Santos;24;1998;20.1;1201;23;171;655;394;35;1201;59;30;50.8;21;35.6;672;4171;1835;37;37;10;51;30;787;64;Matches
393;Jhonny Lucas;br BRA;MF;Goiás;22;2000;0.2;14;0;1;3;10;2;14;0;0;;0;;3;24;0;0;0;0;0;1;9;1;Matches
394;João Lucas;br BRA;DF;Santos;24;1998;9.0;513;26;153;218;147;8;513;9;2;22.2;5;55.6;255;1336;711;15;15;1;8;8;263;40;Matches
395;Ruan Lucas;br BRA;MF,FW;Coritiba;18;2004;0.3;21;0;1;10;10;2;21;3;2;66.7;1;33.3;15;45;21;0;0;0;2;0;16;4;Matches
396;Ian Luccas;br BRA;MF;Cruzeiro;19;2003;5.3;185;13;39;84;65;8;185;8;2;25.0;6;75.0;100;394;186;1;2;0;13;5;118;27;Matches
397;Pedro Luccas;br BRA;GK;Coritiba;19;2004;3.0;113;106;113;0;0;0;113;0;0;;0;;45;205;145;0;0;0;0;0;44;0;Matches
398;Luciano;br BRA;MF,FW;São Paulo;29;1993;23.5;1119;11;105;610;420;74;1116;53;32;60.4;19;35.8;765;3755;1426;31;36;3;36;32;903;140;Matches
399;Thomas Luciano;br BRA;DF;Grêmio;21;2002;3.5;180;14;65;69;46;6;180;6;3;50.0;0;0.0;71;243;101;3;1;1;5;2;77;14;Matches
400;Luis;br BRA;FW;Cruzeiro;17;2005;0.1;11;1;2;5;4;0;11;0;0;;0;;3;9;0;0;0;0;0;0;4;1;Matches
401;Filipe Luís;br BRA;DF;Flamengo;37;1985;5.9;468;26;121;245;105;5;468;7;3;42.9;1;14.3;275;1209;701;14;11;1;5;1;300;12;Matches
402;Victor Luis;br BRA;DF;Coritiba;29;1993;17.4;1031;72;360;477;207;6;1031;10;3;30.0;6;60.0;509;2989;1527;28;25;0;14;8;545;30;Matches
403;David Luiz;br BRA;DF;Flamengo;35;1987;11.0;844;110;353;430;66;13;844;10;8;80.0;2;20.0;534;3037;1864;14;15;1;11;1;567;4;Matches
404;Wallisson Luiz;br BRA;MF;Cruzeiro;25;1997;4.4;237;8;40;139;63;18;237;22;13;59.1;8;36.4;121;497;216;5;5;2;15;8;147;12;Matches
405;Machado;br BRA;MF;Cruzeiro;27;1996;25.3;1454;56;290;891;284;15;1454;20;11;55.0;9;45.0;776;3143;1323;13;18;2;18;8;951;27;Matches
406;Imanol Machuca;ar ARG;FW;Fortaleza;23;2000;7.5;363;1;24;137;215;29;363;56;30;53.6;21;37.5;233;2359;1095;38;29;12;17;18;257;78;Matches
407;Mádson;br BRA;DF,MF;Ath Paranaense;31;1992;14.8;631;38;175;278;184;46;631;9;4;44.4;3;33.3;211;819;365;8;4;4;5;1;297;69;Matches
408;João Magno;br BRA;FW;Goiás;25;1997;10.9;290;20;38;131;122;40;290;12;3;25.0;8;66.7;133;725;317;13;9;4;34;14;186;41;Matches
409;Maguinho;br BRA;DF;Goiás;30;1993;31.7;1624;135;545;640;451;62;1624;58;28;48.3;28;48.3;678;3674;1964;59;39;8;52;22;815;138;Matches
410;Pablo Maia;br BRA;MF;São Paulo;21;2002;28.7;1974;83;426;1253;311;12;1974;25;17;68.0;6;24.0;1192;4758;1954;16;33;0;22;17;1418;32;Matches
411;Thiago Maia;br BRA;MF;Flamengo;25;1997;23.3;1644;63;354;1041;264;8;1644;20;13;65.0;7;35.0;869;3283;1419;16;19;0;23;17;1173;51;Matches
412;Maicon;br BRA;DF;Santos;34;1988;0.5;24;5;20;4;1;1;24;0;0;;0;;12;70;54;0;0;0;0;0;14;0;Matches
413;Maicon;br BRA;DF;Vasco da Gama;34;1988;13.9;843;146;487;330;32;7;843;6;4;66.7;1;16.7;463;2076;1048;1;7;1;3;1;515;2;Matches
414;Iago Maidana;br BRA;DF;América (MG);26;1996;24.0;1018;160;526;456;46;29;1018;4;3;75.0;1;25.0;483;3251;2198;17;6;0;9;3;504;7;Matches
415;Hugo Mallo;es ESP;DF;Internacional;31;1991;3.6;308;16;102;158;49;6;308;3;0;0.0;3;100.0;172;798;533;4;2;0;4;2;215;15;Matches
416;Léo Mana;br BRA;DF;Corinthians;18;2004;1.5;119;7;30;66;25;1;119;3;1;33.3;2;66.7;65;306;194;3;1;0;2;0;84;10;Matches
417;Alef Manga;br BRA;FW,MF;Coritiba;28;1994;8.9;340;3;33;124;189;42;339;27;17;63.0;8;29.6;195;1591;819;25;17;13;19;10;246;75;Matches
418;Manoel;br BRA;DF;Fluminense;32;1990;3.2;238;39;124;110;4;1;238;3;2;66.7;0;0.0;161;729;435;0;1;0;1;1;182;0;Matches
419;Fernando Marçal;br BRA;DF;Botafogo (RJ);33;1989;18.1;1249;61;346;580;339;10;1249;23;10;43.5;11;47.8;563;2426;1234;17;19;1;10;5;631;64;Matches
420;Marcelo;br BRA;DF;Fluminense;34;1988;14.7;1277;32;272;601;412;29;1277;38;16;42.1;18;47.4;808;3441;2037;44;36;6;19;9;896;50;Matches
421;Marcelo;br BRA;DF;Fortaleza;27;1996;12.0;561;73;291;256;16;6;561;3;1;33.3;1;33.3;295;1520;689;2;0;0;6;3;311;2;Matches
422;João Marcelo;br BRA;DF;Cruzeiro;22;2000;1.8;129;15;51;75;6;0;129;2;2;100.0;0;0.0;80;495;375;6;2;0;0;0;83;0;Matches
423;Marcinho;br BRA;DF;América (MG);26;1996;8.9;565;42;164;251;156;4;565;10;8;80.0;1;10.0;296;1471;792;12;8;1;5;3;306;23;Matches
424;Erick Marcus;br BRA;MF,FW;Vasco da Gama;18;2004;4.4;251;3;21;99;139;10;251;38;21;55.3;14;36.8;164;971;371;12;7;1;13;7;173;55;Matches
425;Mariano;br BRA;DF;Atlético Mineiro;36;1986;17.4;1233;58;385;674;189;4;1233;18;13;72.2;4;22.2;615;2470;1241;16;20;1;5;1;735;27;Matches
426;Marinho;br BRA;FW,DF;Flamengo;32;1990;0.9;72;1;6;19;48;7;72;3;2;66.7;1;33.3;47;317;84;2;2;1;3;3;50;21;Matches
427;Marinho;br BRA;FW,MF;Fortaleza;32;1990;12.7;501;6;39;167;304;43;500;50;18;36.0;25;50.0;324;2115;1039;42;21;22;27;16;344;89;Matches
428;Marlon;br BRA;DF;Cruzeiro;25;1997;35.5;2605;84;765;1178;683;28;2605;36;23;63.9;9;25.0;1231;6229;3448;55;49;3;34;21;1442;176;Matches
429;Marlon;br BRA;DF;América (MG);28;1994;18.6;1108;58;340;505;288;20;1108;43;22;51.2;13;30.2;577;4206;2451;63;38;3;25;11;576;80;Matches
430;Marlon;br BRA;DF;Fluminense;27;1995;10.4;885;125;444;392;53;7;885;9;5;55.6;4;44.4;609;3054;1855;13;11;0;5;0;698;5;Matches
431;Igor Marques;br BRA;DF;Cruzeiro;24;1999;1.3;97;4;27;40;33;1;97;0;0;;0;;48;314;185;8;3;0;3;5;53;10;Matches
432;Renato Marques;br BRA;FW,MF;América (MG);19;2003;5.7;173;7;21;73;83;14;173;10;4;40.0;6;60.0;109;609;295;11;9;6;11;7;122;21;Matches
433;Juan Martín Lucero;ar ARG;FW;Fortaleza;31;1991;23.0;533;15;51;217;270;83;530;26;9;34.6;12;46.2;288;1305;585;20;15;9;42;23;375;100;Matches
434;Martinelli;br BRA;MF,DF;Fluminense;21;2001;20.9;1726;142;507;939;288;24;1726;32;17;53.1;12;37.5;1169;5958;3644;38;44;4;30;20;1364;28;Matches
435;Andre Martins;br BRA;FW,MF;Grêmio;21;2001;4.1;204;5;24;88;92;19;204;14;10;71.4;4;28.6;105;471;212;7;6;4;11;8;150;29;Matches
436;Gustavo Martins Santos;br BRA;DF,MF;Grêmio;20;2002;7.7;541;49;200;274;72;15;541;7;4;57.1;3;42.9;274;1451;851;8;12;1;11;2;337;9;Matches
437;Gonzalo Mastriani;uy URU;FW;América (MG);29;1993;19.9;486;15;41;220;232;79;484;19;7;36.8;10;52.6;235;860;355;9;15;4;43;14;328;89;Matches
438;Matheusinho;br BRA;MF,FW;América (MG);24;1998;2.5;139;3;23;53;64;9;139;8;4;50.0;3;37.5;96;449;148;2;4;1;6;4;99;23;Matches
439;Matheusinho;br BRA;DF;Cuiabá;24;1998;4.8;288;19;81;134;76;8;288;8;5;62.5;2;25.0;131;680;436;11;10;2;13;1;160;20;Matches
440;Matheuzinho;br BRA;DF;Flamengo;22;2000;6.9;469;29;112;247;114;10;469;6;2;33.3;3;50.0;264;1137;501;9;8;0;7;2;289;29;Matches
441;Mauricio;br BRA;FW,MF;Internacional;21;2001;19.6;934;14;96;493;353;54;934;29;19;65.5;8;27.6;558;2518;1115;35;32;9;33;12;703;118;Matches
442;Maycon;br BRA;MF;Corinthians;25;1997;26.7;1721;65;333;1119;278;25;1721;19;11;57.9;8;42.1;972;3695;2005;30;16;5;25;14;1230;33;Matches
443;Mayke;br BRA;DF,FW;Palmeiras;30;1992;27.8;1889;61;484;890;525;41;1889;29;15;51.7;14;48.3;1128;5433;2762;56;45;9;32;16;1227;170;Matches
444;Gary Medel;cl CHI;DF,MF;Vasco da Gama;35;1987;19.2;1257;192;650;581;31;0;1257;5;3;60.0;2;40.0;717;2722;1354;5;7;0;17;3;853;7;Matches
445;Bruno Melo;br BRA;DF;Goiás;30;1992;32.1;1686;250;861;753;75;31;1686;3;0;0.0;0;0.0;971;4258;2626;8;10;1;8;0;1142;10;Matches
446;Felipe Melo;br BRA;DF;Fluminense;39;1983;11.0;942;131;442;479;26;8;942;7;4;57.1;2;28.6;679;3423;2079;15;5;0;4;1;722;0;Matches
447;Darlan Mendes;br BRA;MF;Grêmio;24;1998;0.5;22;2;9;10;3;0;22;0;0;;0;;12;37;7;0;0;0;0;0;12;0;Matches
448;Matheus Mendes;br BRA;GK;Atlético Mineiro;23;1999;2.0;70;58;70;0;0;0;70;0;0;;0;;30;157;136;0;0;0;0;0;17;0;Matches
449;Nathan Mendes;br BRA;DF;São Paulo;20;2002;13.1;959;28;293;467;215;16;959;42;13;31.0;25;59.5;528;3404;1675;29;22;5;27;10;627;48;Matches
450;Vitor Mendes;br BRA;DF;Fluminense;23;1999;1.2;79;22;56;22;1;1;79;0;0;;0;;31;109;62;0;0;0;2;0;45;0;Matches
451;Bruno Méndez;uy URU;DF;Corinthians;23;1999;18.3;1162;105;498;532;138;5;1162;4;1;25.0;2;50.0;593;2264;1201;16;13;1;8;5;719;23;Matches
452;Jhegson Méndez;ec ECU;MF;São Paulo;25;1997;4.1;247;12;66;161;21;0;247;5;3;60.0;2;40.0;126;534;201;3;1;0;0;1;174;3;Matches
453;Óscar Méndez;uy URU;MF;América (MG);28;1994;2.9;108;13;37;65;8;0;108;2;2;100.0;0;0.0;43;205;110;2;1;0;3;4;52;0;Matches
454;Stiven Mendoza;co COL;FW,MF;Santos;30;1992;18.6;861;10;115;357;401;71;859;73;32;43.8;30;41.1;585;3425;1991;79;39;24;43;32;625;158;Matches
455;Gabriel Menino;br BRA;MF;Palmeiras;22;2000;17.7;1334;20;222;795;324;15;1334;28;13;46.4;10;35.7;791;4356;2344;44;35;3;24;18;950;54;Matches
456;Gabriel Mercado;ar ARG;DF;Internacional;35;1987;24.2;1325;176;701;602;27;13;1325;1;1;100.0;0;0.0;786;3104;1574;1;4;1;3;5;892;2;Matches
457;Higor Meritão;br BRA;MF;Goiás;28;1994;2.5;141;4;37;78;27;5;141;4;4;100.0;0;0.0;79;331;135;1;4;0;8;4;88;1;Matches
458;Messias;br BRA;DF;Santos;28;1994;26.6;1146;219;688;433;29;22;1146;0;0;;0;;526;1817;714;1;2;0;7;1;598;4;Matches
459;Bruno Mezenga;br BRA;FW,MF;Santos;34;1988;1.9;98;1;11;53;34;8;98;1;1;100.0;0;0.0;38;179;66;2;2;0;6;3;66;7;Matches
460;Carlos Miguel;br BRA;GK;Corinthians;24;1998;1.2;46;39;46;0;0;0;46;0;0;;0;;28;163;101;0;0;0;1;0;15;0;Matches
461;Fernando Miguel;br BRA;GK;Fortaleza;37;1985;5.1;129;113;129;0;0;0;129;0;0;;0;;62;445;362;0;0;0;0;0;32;0;Matches
462;Mikael;br BRA;FW;América (MG);23;1999;1.7;47;0;1;18;31;11;47;10;8;80.0;1;10.0;32;274;145;7;5;4;7;2;32;9;Matches
463;Lucas Milla;br BRA;MF;Grêmio;20;2003;3.4;191;6;48;117;30;3;191;7;7;100.0;0;0.0;90;418;195;5;6;1;7;5;103;7;Matches
464;Mina;br BRA;DF;Goiás;19;2003;0.5;20;2;15;3;2;2;20;0;0;;0;;14;42;21;0;0;0;0;0;16;0;Matches
465;Lucas Mineiro;br BRA;MF;Cuiabá;26;1996;6.8;282;11;39;167;79;8;282;8;4;50.0;3;37.5;138;707;312;5;2;2;8;3;188;25;Matches
466;Vinicius Mingotti;br BRA;FW;Bahia;23;2000;7.3;131;4;11;65;58;22;131;2;1;50.0;1;50.0;65;299;141;2;3;1;10;5;85;25;Matches
467;Miranda;br BRA;DF;Vasco da Gama;23;2000;4.3;267;29;99;150;20;7;267;1;1;100.0;0;0.0;180;782;483;2;4;1;2;1;179;2;Matches
468;Moises;br BRA;MF,FW;Fortaleza;26;1996;4.1;171;1;8;64;103;35;171;29;15;51.7;14;48.3;112;1144;530;19;13;10;8;7;129;46;Matches
469;Rodrigo Moledo;br BRA;DF;Internacional;35;1987;5.3;354;46;144;206;5;3;354;0;0;;0;;217;1092;644;6;0;0;0;2;250;0;Matches
470;Rafael Monteiro;br BRA;MF;Fluminense;18;2004;0.0;5;0;1;1;3;0;5;0;0;;0;;4;27;26;1;0;0;0;0;4;1;Matches
471;Júnior Moraes;ua UKR;DF;Corinthians;35;1987;0.0;1;0;0;0;1;0;1;0;0;;0;;0;0;0;0;0;0;0;0;0;0;Matches
472;João Moreira;pt POR;DF;São Paulo;18;2004;0.8;54;0;11;30;15;0;54;2;2;100.0;0;0.0;43;219;114;1;2;0;0;1;43;6;Matches
473;Everton Morelli;br BRA;MF;Goiás;25;1997;28.7;1279;65;322;714;252;37;1279;31;13;41.9;16;51.6;685;3961;1945;36;27;5;48;34;793;75;Matches
474;Alfredo Morelos;co COL;FW,MF;Santos;26;1996;0.9;50;0;3;29;18;4;50;0;0;;0;;28;103;48;1;0;1;2;2;43;6;Matches
475;Marcelino Moreno;ar ARG;MF;Coritiba;28;1994;25.6;1309;6;130;581;638;58;1309;199;87;43.7;85;42.7;880;6383;3164;100;77;29;84;49;896;188;Matches
476;Gabriel Moscardo;br BRA;MF;Corinthians;17;2005;12.6;726;56;205;463;72;5;726;36;23;63.9;12;33.3;398;2069;1175;17;11;2;27;10;458;16;Matches
477;Henry Mosquera;co COL;FW,MF;Bragantino;21;2001;11.8;542;9;48;156;360;54;542;106;55;51.9;46;43.4;412;3379;2057;71;50;23;32;26;418;161;Matches
478;Gustavo Mosquito;br BRA;FW,MF;Corinthians;25;1997;3.4;172;7;33;65;76;12;172;21;5;23.8;14;66.7;106;862;362;14;11;5;11;5;123;29;Matches
479;Hugo Moura;br BRA;MF;Ath Paranaense;25;1998;14.7;785;28;191;529;70;5;785;14;4;28.6;9;64.3;386;1707;768;11;7;0;6;4;471;10;Matches
480;Lucas Moura;br BRA;FW,MF;São Paulo;30;1992;9.6;469;11;36;223;219;23;469;64;35;54.7;22;34.4;318;2123;972;29;31;5;14;22;373;63;Matches
481;Neto Moura;br BRA;MF;Cruzeiro;26;1996;5.5;306;5;45;185;78;6;306;4;4;100.0;0;0.0;163;660;288;3;3;3;5;2;199;17;Matches
482;Lucas Mugni;ar ARG;MF,FW;Bahia;31;1992;4.0;256;4;33;141;85;7;256;10;5;50.0;5;50.0;158;677;270;7;6;1;13;4;169;18;Matches
483;Murillo;br BRA;DF;Corinthians;20;2002;12.9;853;146;437;396;28;9;853;14;9;64.3;3;21.4;494;2162;1144;10;7;0;5;3;551;2;Matches
484;Andrey Ramos do Nascimento;br BRA;MF;Coritiba;24;1998;12.5;843;47;216;491;156;7;843;10;6;60.0;3;30.0;435;2168;1097;16;17;3;15;9;524;16;Matches
485;Bruno Nascimento;br BRA;FW,MF;Cruzeiro;25;1997;31.3;1363;20;117;505;770;99;1360;121;56;46.3;51;42.1;839;5474;2948;102;79;25;84;42;1001;270;Matches
486;Matheus Nascimento;br BRA;FW,MF;Botafogo (RJ);18;2004;1.1;29;0;0;17;13;6;29;1;0;0.0;0;0.0;15;110;21;1;2;0;4;2;21;4;Matches
487;Nata;br BRA;FW,DF;Grêmio;21;2001;0.2;13;1;5;7;1;0;13;0;0;;0;;8;31;19;0;0;0;0;0;10;0;Matches
488;Natan;br BRA;DF;Bragantino;21;2001;9.3;470;53;201;254;20;7;470;2;1;50.0;1;50.0;272;2021;1130;7;3;0;6;0;262;0;Matches
489;Natanael;br BRA;DF;Coritiba;21;2002;27.8;1560;91;549;629;404;29;1560;50;23;46.0;23;46.0;717;4072;2007;43;31;6;39;27;740;120;Matches
490;Nathan;br BRA;DF;Santos;21;2001;5.5;283;13;88;131;69;4;283;26;16;61.5;8;30.8;146;829;436;16;10;0;6;6;141;24;Matches
491;Nathan;br BRA;MF,FW;Grêmio;26;1996;7.6;403;9;50;205;152;14;403;20;8;40.0;7;35.0;218;971;494;13;14;1;8;5;269;40;Matches
492;Rafael Navarro;br BRA;FW;Palmeiras;22;2000;1.4;57;1;3;24;33;6;57;4;3;75.0;1;25.0;33;218;77;2;3;1;8;3;39;8;Matches
493;Kaiky Naves;br BRA;DF,FW;Palmeiras;20;2002;5.8;316;36;167;148;4;2;316;1;1;100.0;0;0.0;169;749;388;2;2;0;1;1;197;0;Matches
494;Felipe Negrucci;br BRA;MF;São Paulo;18;2004;0.2;8;1;4;3;1;0;8;0;0;;0;;5;23;10;0;1;0;0;0;6;0;Matches
495;Emerson Negueba;br BRA;FW;Cuiabá;22;2000;5.4;216;3;23;92;109;19;216;18;10;55.6;8;44.4;140;895;391;9;11;2;17;8;156;50;Matches
496;Neris;br BRA;DF;Cruzeiro;30;1992;23.5;1239;159;545;662;41;19;1239;17;11;64.7;5;29.4;740;4608;3138;21;9;0;14;6;770;3;Matches
497;Rodrigo Nestor;br BRA;MF,FW;São Paulo;22;2000;16.1;822;7;119;392;317;52;822;45;30;66.7;15;33.3;475;2602;1251;43;26;13;31;16;613;101;Matches
498;João Neto;br BRA;MF,DF;Fluminense;19;2003;0.6;27;0;2;7;18;1;27;1;1;100.0;0;0.0;17;87;30;0;1;0;2;2;22;12;Matches
499;Gabriel Neves;uy URU;MF;São Paulo;25;1997;10.7;915;25;146;649;125;7;915;6;4;66.7;2;33.3;571;2151;1146;11;11;1;6;5;702;24;Matches
500;Newton;br BRA;MF;Botafogo (RJ);22;2000;0.1;8;0;0;4;4;1;8;0;0;;0;;8;29;6;0;1;0;0;1;8;0;Matches
501;Nicolas;br BRA;DF;América (MG);25;1997;8.0;398;38;149;145;109;8;398;13;6;46.2;7;53.8;187;1083;508;15;13;2;11;3;177;24;Matches
502;Nikão;br BRA;FW,MF;Cruzeiro;30;1992;8.9;468;2;47;181;243;28;468;16;10;62.5;4;25.0;288;1443;561;11;13;3;15;7;324;87;Matches
503;Nino;br BRA;DF;Fluminense;25;1997;23.9;1909;228;880;955;84;27;1909;19;13;68.4;3;15.8;1363;7902;5714;42;14;1;9;3;1472;5;Matches
504;Freddy Noguera;py PAR;FW;Grêmio;19;2004;0.3;8;0;0;5;3;0;8;3;2;66.7;1;33.3;10;24;11;0;0;0;3;3;8;0;Matches
505;Nonato;br BRA;MF;Santos;24;1998;7.3;340;4;62;178;109;11;340;15;6;40.0;8;53.3;183;1147;528;10;12;2;7;4;215;18;Matches
506;Gabriel Novaes;br BRA;FW;Goiás;23;1999;1.1;27;3;6;12;9;2;27;0;0;;0;;15;108;27;2;1;0;1;3;17;4;Matches
507;Ruan Oliveira Ferreira;br BRA;MF,FW;Corinthians;22;2000;9.8;472;11;72;253;152;10;472;28;16;57.1;9;32.1;248;1570;786;23;15;1;19;10;291;44;Matches
508;Lucas Oliveira;br BRA;DF;Cruzeiro;26;1996;14.6;924;130;471;434;26;7;924;6;5;83.3;1;16.7;555;3234;2087;11;7;0;8;2;601;4;Matches
509;Pedro Oliveira;br BRA;FW,MF;Goiás;18;2004;2.2;57;1;7;32;18;7;57;8;5;62.5;3;37.5;30;185;79;2;1;1;4;0;29;10;Matches
510;Cauly Oliveira Souza;br BRA;MF,FW;Bahia;27;1995;28.3;1677;10;75;786;851;78;1677;126;73;57.9;47;37.3;1024;6189;3288;112;98;25;64;53;1225;182;Matches
511;Luca Orellano;ar ARG;FW,MF;Vasco da Gama;22;2000;6.9;373;3;42;153;194;15;373;46;23;50.0;19;41.3;250;1966;897;23;25;3;17;19;260;47;Matches
512;Leo Ortiz;br BRA;DF;Bragantino;27;1996;17.8;1236;165;519;664;62;19;1236;9;5;55.6;3;33.3;669;3898;2604;28;13;1;6;4;751;2;Matches
513;Otávio;br BRA;MF;Atlético Mineiro;28;1994;25.6;1660;59;371;1197;100;2;1660;10;5;50.0;3;30.0;962;4234;1974;12;14;0;10;4;1149;12;Matches
514;João Othavio Basso;br BRA;DF;Santos;26;1997;12.8;778;86;389;352;42;13;778;4;4;100.0;0;0.0;437;2578;1607;10;7;1;4;1;483;2;Matches
515;Luis Oyama;br BRA;MF;Goiás;26;1997;6.2;304;13;49;192;65;6;304;14;7;50.0;7;50.0;181;1052;486;13;10;3;11;8;189;18;Matches
516;Pablinho;br BRA;FW;Cuiabá;19;2003;0.4;13;0;1;9;4;0;13;1;0;0.0;1;100.0;7;53;2;0;1;0;2;0;8;2;Matches
517;Pablo;br BRA;FW;Ath Paranaense;30;1992;15.5;626;22;74;323;237;50;626;22;7;31.8;14;63.6;362;1486;596;15;12;5;34;15;433;60;Matches
518;Pablo;br BRA;DF;Flamengo;31;1991;4.7;368;55;157;207;4;2;368;1;1;100.0;0;0.0;231;1170;703;4;0;0;1;0;263;1;Matches
519;Bruno Pacheco;br BRA;DF;Fortaleza;31;1991;29.7;1633;71;467;778;414;23;1633;70;30;42.9;28;40.0;803;4452;2423;49;50;4;25;21;889;98;Matches
520;Helibelton Palacios;co COL;DF;Cruzeiro;29;1993;7.0;363;27;74;164;126;6;363;10;3;30.0;6;60.0;164;655;323;6;7;0;11;7;186;34;Matches
521;Julián Palacios;ar ARG;FW,MF;Goiás;23;1999;18.1;816;7;68;332;433;35;816;94;53;56.4;32;34.0;521;3169;1594;49;43;12;38;34;560;116;Matches
522;Nino Paraíba;br BRA;DF;América (MG);37;1986;2.2;134;2;18;61;57;0;134;5;4;80.0;1;20.0;72;471;239;4;7;0;5;3;77;19;Matches
523;Mateus Pasinato;br BRA;GK;América (MG);30;1992;10.0;278;248;278;0;0;0;278;1;1;100.0;0;0.0;143;980;637;0;1;0;0;0;63;0;Matches
524;Weslley Patati;br BRA;FW,MF;Santos;19;2003;1.5;109;1;11;42;57;10;109;15;5;33.3;10;66.7;80;578;217;9;8;5;7;5;77;20;Matches
525;Alexandre Pato;br BRA;FW,MF;São Paulo;33;1989;1.8;73;1;5;22;46;6;72;10;8;80.0;2;20.0;39;209;73;2;1;0;4;1;60;10;Matches
526;Patrick;br BRA;MF,FW;Atlético Mineiro;30;1992;6.2;439;12;99;183;162;22;439;35;14;40.0;18;51.4;233;1226;566;20;19;8;23;16;284;54;Matches
527;Alan Patrick;br BRA;MF,FW;Internacional;31;1991;27.2;1526;10;117;787;643;55;1525;105;61;58.1;37;35.2;996;5618;2552;62;65;13;61;52;1162;130;Matches
528;Luan Patrick;br BRA;DF;Bragantino;21;2002;12.4;705;71;334;349;25;12;705;1;0;0.0;1;100.0;404;2045;1128;6;3;1;4;0;435;1;Matches
529;Patryck;br BRA;DF;São Paulo;20;2003;4.2;221;10;78;95;48;2;221;3;2;66.7;1;33.3;95;407;208;4;2;1;3;4;102;16;Matches
530;Giuliano de Paula;br BRA;MF,FW;Corinthians;32;1990;18.1;1068;28;188;667;219;25;1068;25;12;48.0;9;36.0;600;2259;1068;15;9;4;26;12;753;34;Matches
531;Jair Paula;br BRA;DF;Santos;17;2005;0.4;20;2;6;14;0;0;20;1;1;100.0;0;0.0;14;71;54;1;0;0;0;0;12;0;Matches
532;Paulinho;br BRA;DF;América (MG);18;2004;0.3;19;0;7;3;9;1;19;0;0;;0;;12;55;12;1;0;0;1;2;12;6;Matches
533;Paulinho;br BRA;FW,MF;Atlético Mineiro;22;2000;33.2;1431;24;155;673;646;153;1431;102;52;51.0;46;45.1;908;5968;2896;95;85;34;83;38;1066;234;Matches
534;Paulinho;br BRA;MF;Vasco da Gama;26;1997;18.2;1139;15;168;685;306;22;1139;68;33;48.5;32;47.1;734;4385;2180;47;39;8;28;29;814;55;Matches
535;Paulinho;br BRA;DF;Vasco da Gama;17;2005;0.5;;;;;;;;;;;;;;;;;;;;;;;Matches
536;Paulinho;br BRA;MF,FW;Corinthians;34;1988;1.6;81;4;19;44;19;5;81;4;3;75.0;0;0.0;33;188;55;3;1;1;3;0;54;5;Matches
537;Caio Paulista;br BRA;DF;São Paulo;24;1998;23.1;1654;47;369;813;506;59;1654;119;67;56.3;39;32.8;1017;6617;3715;112;67;18;44;32;1086;166;Matches
538;Wellington Paulista;br BRA;FW;América (MG);38;1984;2.5;70;2;4;30;36;20;69;1;1;100.0;0;0.0;29;109;37;2;0;1;7;1;47;5;Matches
539;João Paulo;br BRA;GK;Santos;27;1995;35.7;1011;860;1001;11;0;0;1011;1;1;100.0;0;0.0;459;2626;1561;0;0;0;1;0;295;0;Matches
540;Marcos Paulo;br BRA;FW,MF;São Paulo;21;2001;5.9;304;6;23;128;156;34;304;38;16;42.1;19;50.0;193;1020;462;13;7;10;21;20;227;58;Matches
541;Cristian Pavón;ar ARG;FW,MF;Atlético Mineiro;27;1996;21.5;1212;18;149;519;559;86;1211;75;35;46.7;33;44.0;788;4810;2412;85;54;32;40;33;905;220;Matches
542;Dimitri Payet;fr FRA;MF,FW;Vasco da Gama;35;1987;8.9;513;7;48;234;237;21;513;20;14;70.0;5;25.0;310;1591;772;27;21;7;18;9;372;57;Matches
543;Pedrinho;br BRA;FW,MF;América (MG);23;1999;4.6;192;2;23;77;100;23;192;31;14;45.2;14;45.2;141;1696;921;29;15;15;13;9;143;29;Matches
544;Pedrinho;br BRA;DF,MF;Ath Paranaense;20;2002;4.0;251;13;94;106;55;1;251;4;1;25.0;1;25.0;106;417;209;2;5;0;9;3;135;16;Matches
545;Pedrinho;br BRA;MF,FW;Atlético Mineiro;24;1998;7.0;478;3;32;257;196;2;478;20;11;55.0;7;35.0;317;1831;791;15;28;0;14;6;367;34;Matches
546;Pedrinho;br BRA;FW;Flamengo;19;2003;0.2;14;0;2;6;6;0;14;1;0;0.0;1;100.0;4;16;4;0;1;0;0;0;4;0;Matches
547;Pedro;br BRA;FW;Flamengo;25;1997;23.9;634;17;45;282;319;99;630;43;19;44.2;22;51.2;366;1440;536;16;12;6;55;23;455;108;Matches
548;João Pedro;br BRA;FW;Cruzeiro;19;2003;0.1;2;0;0;0;2;0;2;0;0;;0;;2;6;2;0;0;0;0;0;2;1;Matches
549;João Pedro;it ITA;FW;Grêmio;30;1992;6.8;199;10;27;85;91;29;199;16;5;31.3;11;68.8;96;525;269;8;6;5;13;7;132;36;Matches
550;João Pedro;br BRA;DF;Grêmio;26;1996;23.1;1265;62;319;616;343;27;1265;61;35;57.4;21;34.4;658;4165;2264;60;47;12;25;15;725;68;Matches
551;João Pedro Pepê;br BRA;MF;Grêmio;25;1998;15.5;946;53;214;566;179;14;946;36;20;55.6;11;30.6;583;2917;1598;20;18;3;22;14;670;39;Matches
552;Jean Pedroso;br BRA;DF;Coritiba;19;2004;6.5;332;33;146;183;5;1;332;4;4;100.0;0;0.0;203;1043;641;4;2;0;1;1;212;0;Matches
553;Matheus Peixoto;br BRA;FW;Goiás;27;1995;9.8;244;16;27;121;99;33;243;4;3;75.0;1;25.0;111;405;150;4;3;1;20;6;167;28;Matches
554;Léo Pelé;br BRA;DF;Vasco da Gama;26;1996;30.2;1872;225;802;963;117;7;1872;20;17;85.0;2;10.0;1151;7113;4662;55;34;0;13;7;1294;9;Matches
555;Carlos de Pena;uy URU;MF,FW;Internacional;30;1992;15.8;898;25;133;488;281;25;898;9;0;0.0;8;88.9;486;2216;1064;23;15;2;10;14;592;55;Matches
556;Léo Pereira;br BRA;DF;Flamengo;27;1996;29.4;2369;214;913;1319;148;30;2369;14;9;64.3;3;21.4;1518;8533;5253;43;26;0;26;6;1700;16;Matches
557;Matheus Pereira;pt POR;FW,MF;Cruzeiro;26;1996;11.4;684;1;42;368;282;21;684;19;8;42.1;10;52.6;431;1861;788;17;17;6;17;10;509;74;Matches
558;Bruno Peres;br BRA;DF,MF;Ath Paranaense;32;1990;1.7;96;3;31;46;20;2;96;0;0;;0;;53;196;103;0;0;0;1;0;62;3;Matches
559;Lucas Perri;br BRA;GK;Botafogo (RJ);25;1997;37.5;1150;912;1133;16;2;2;1150;0;0;;0;;595;3606;2412;0;0;0;2;0;422;0;Matches
560;Lucas Piazon;br BRA;FW;Botafogo (RJ);29;1994;0.2;8;0;1;4;3;0;8;0;0;;0;;5;53;2;0;0;0;0;1;5;3;Matches
561;Yago Pikachu;br BRA;FW,MF;Fortaleza;30;1992;19.5;798;17;107;330;369;77;797;23;9;39.1;13;56.5;472;2223;1112;40;15;14;20;19;541;170;Matches
562;Rodrigo Pinho;br BRA;FW;Coritiba;31;1991;4.3;118;6;15;63;42;11;118;8;2;25.0;3;37.5;59;271;122;4;5;1;7;5;78;11;Matches
563;Joaquín Piquerez;uy URU;DF;Palmeiras;24;1998;28.1;1810;77;447;852;536;34;1809;43;17;39.5;23;53.5;979;4981;2675;55;39;6;38;17;1073;163;Matches
564;Gabriel Pirani;br BRA;MF,FW;Fluminense;20;2002;4.4;234;3;66;91;85;16;234;27;12;44.4;14;51.9;151;934;475;13;8;5;10;5;181;25;Matches
565;Rafael Pires;br BRA;GK;São Paulo;33;1989;33.0;1056;952;1055;1;0;0;1056;0;0;;0;;569;2372;1180;0;0;0;0;0;494;0;Matches
566;Lucas Piton;br BRA;DF;Vasco da Gama;22;2000;36.5;2287;113;663;935;715;36;2287;63;24;38.1;36;57.1;1134;5720;3168;88;65;6;33;10;1304;220;Matches
567;Isidro Pitta;py PAR;FW;Cuiabá;23;1999;9.1;319;9;30;125;167;42;318;17;8;47.1;8;47.1;212;1172;540;23;18;13;26;19;282;77;Matches
568;Tomas Pochettino;ar ARG;MF,FW;Fortaleza;26;1996;22.1;1116;36;130;574;427;45;1116;54;30;55.6;22;40.7;631;4130;1849;55;48;8;35;13;717;130;Matches
569;Luan Polli;br BRA;GK;Coritiba;29;1993;4.3;122;104;122;0;0;0;122;0;0;;0;;61;328;245;0;0;0;2;0;39;0;Matches
570;Wesley Pombo;br BRA;MF;Coritiba;20;2002;0.6;24;0;1;9;14;1;24;4;1;25.0;3;75.0;15;96;36;2;0;1;6;0;16;5;Matches
571;Mateo Ponte;uy URU;DF;Botafogo (RJ);19;2003;0.2;15;2;3;11;1;0;15;1;0;0.0;1;100.0;6;23;17;0;0;0;0;1;7;1;Matches
572;William Pottker;br BRA;FW,MF;Coritiba;29;1993;1.3;62;1;19;25;19;3;62;7;2;28.6;4;57.1;40;323;129;4;1;0;6;5;43;8;Matches
573;Bruno Praxedes;br BRA;MF;Vasco da Gama;20;2002;14.9;813;28;152;493;178;29;813;30;19;63.3;9;30.0;499;3141;1433;39;21;2;19;11;569;36;Matches
574;Bruno Praxedes;br BRA;MF;Bragantino;20;2002;0.1;6;0;0;3;3;0;6;0;0;;0;;4;29;2;0;0;0;1;0;4;0;Matches
575;Erick Pulgar;cl CHI;MF;Flamengo;29;1994;22.2;1583;67;334;1027;233;18;1583;11;5;45.5;6;54.5;876;3741;1669;16;23;2;23;13;1119;31;Matches
576;Nicolás Quagliata;uy URU;FW,MF;Cuiabá;23;1999;2.6;180;3;27;64;92;10;180;19;9;47.4;7;36.8;116;650;343;13;10;3;5;2;128;28;Matches
577;Du Queiroz;br BRA;MF,DF;Corinthians;23;2000;2.0;98;2;34;54;13;0;98;6;2;33.3;4;66.7;56;297;150;3;2;0;1;1;56;4;Matches
578;Yani Quintero;co COL;MF;Bragantino;20;2002;1.1;64;3;16;37;12;0;64;1;1;100.0;0;0.0;28;158;88;1;2;0;1;0;38;0;Matches
579;Igor Rabello;br BRA;DF;Atlético Mineiro;27;1995;7.7;456;59;212;235;9;4;456;0;0;;0;;240;1077;731;2;1;0;3;1;267;0;Matches
580;Rafael;br BRA;DF;Botafogo (RJ);32;1990;5.4;308;18;97;153;66;2;308;14;12;85.7;2;14.3;125;861;432;12;6;1;6;1;131;4;Matches
581;Zé Rafael;br BRA;MF;Palmeiras;29;1993;28.5;1500;47;278;998;252;26;1500;70;30;42.9;31;44.3;855;5053;2764;42;37;4;35;25;948;39;Matches
582;Rafinha;br BRA;DF;São Paulo;37;1985;22.5;1953;64;546;1122;297;6;1953;7;7;100.0;0;0.0;1169;4743;2836;40;38;0;6;2;1372;46;Matches
583;Rai;br BRA;MF;Botafogo (RJ);20;2002;0.0;6;0;0;3;3;0;6;0;0;;0;;6;26;8;0;1;0;1;1;7;1;Matches
584;Eric Ramires;br BRA;MF;Bragantino;22;2000;15.3;860;5;88;483;295;26;860;32;15;46.9;15;46.9;520;2297;1022;22;25;2;29;13;570;50;Matches
585;Lucas Ramos;br BRA;FW;Internacional;22;2001;0.0;1;0;0;1;0;0;1;0;0;;0;;0;0;0;0;0;0;0;0;0;0;Matches
586;Raí Ramos;br BRA;DF;São Paulo;28;1994;3.1;185;11;53;82;51;0;185;4;0;0.0;3;75.0;87;399;206;5;7;0;7;1;105;12;Matches
587;Marcelo Rangel;br BRA;GK;Goiás;34;1988;3.0;89;78;89;0;0;0;89;0;0;;0;;39;193;122;0;0;0;0;0;32;0;Matches
588;Pedro Rangel;br BRA;GK;Fluminense;22;2000;2.0;60;55;60;0;0;0;60;0;0;;0;;26;83;36;0;0;0;0;0;24;0;Matches
589;Raniele;br BRA;MF,DF;Cuiabá;26;1996;32.1;1514;141;434;901;206;34;1514;33;14;42.4;12;36.4;761;4164;2084;37;28;4;37;17;865;38;Matches
590;Rafael Ratão;br BRA;FW,MF;Bahia;27;1995;8.7;437;3;52;189;202;23;437;28;11;39.3;16;57.1;238;1357;542;13;11;1;23;16;314;61;Matches
591;Wellington Rato;br BRA;FW,MF;São Paulo;30;1992;19.6;1179;41;163;506;520;48;1178;59;31;52.5;26;44.1;713;4312;1844;46;31;10;33;21;829;186;Matches
592;Raul;br BRA;MF,DF;Bragantino;26;1996;1.2;70;6;17;40;13;0;70;2;0;0.0;2;100.0;42;178;58;1;0;0;2;2;44;1;Matches
593;Pedro Raul;br BRA;FW;Vasco da Gama;26;1996;9.3;281;15;27;139;118;46;281;12;9;75.0;3;25.0;136;574;149;5;4;1;26;15;197;40;Matches
594;Leonardo Realpe;ec ECU;DF;Bragantino;21;2001;18.7;993;104;430;535;31;10;993;7;7;100.0;0;0.0;565;3116;1946;15;7;0;5;2;611;3;Matches
595;Reinaldo;br BRA;FW;Ath Paranaense;21;2001;0.2;4;0;0;3;1;0;4;0;0;;0;;3;5;0;0;0;0;0;0;3;0;Matches
596;Reinaldo;br BRA;DF;Grêmio;33;1989;29.8;1964;109;419;829;732;37;1963;44;22;50.0;19;43.2;927;4736;2417;41;35;5;33;17;1050;143;Matches
597;Renê;br BRA;DF;Internacional;30;1992;25.4;2181;132;714;1165;331;23;2181;38;21;55.3;12;31.6;1169;6065;3375;55;42;2;38;11;1348;55;Matches
598;Réver;br BRA;DF,FW;Atlético Mineiro;38;1985;1.3;70;28;53;17;0;0;70;0;0;;0;;31;119;77;0;0;0;1;0;44;0;Matches
599;Rezende;br BRA;MF,DF;Bahia;28;1995;30.1;1725;100;564;994;189;29;1725;30;14;46.7;14;46.7;856;4401;2094;29;20;0;28;15;980;36;Matches
600;Everton Ribeiro;br BRA;FW,MF;Flamengo;33;1989;16.4;1087;12;117;448;532;31;1087;39;16;41.0;20;51.3;693;3788;1997;36;43;6;23;25;828;97;Matches
601;Wesley Ribeiro;br BRA;FW,MF;Corinthians;17;2005;9.6;449;9;52;195;216;27;449;102;46;45.1;37;36.3;338;3425;1690;60;49;14;38;17;339;97;Matches
602;João Ricardo Riedi;br BRA;GK;Fortaleza;34;1988;31.9;805;695;801;5;0;0;805;0;0;;0;;374;2543;1988;0;0;0;0;0;210;0;Matches
603;Zé Ricardo;br BRA;MF;Goiás;23;1999;11.9;818;23;188;511;129;3;818;48;26;54.2;13;27.1;495;2483;1250;16;17;0;25;15;568;11;Matches
604;Richard;br BRA;MF;Cruzeiro;28;1994;3.8;296;8;72;189;39;8;296;5;2;40.0;3;60.0;170;505;168;1;2;0;3;3;204;4;Matches
605;Rikelme;br BRA;DF;Cuiabá;19;2003;26.0;1375;101;435;604;343;17;1375;18;9;50.0;8;44.4;592;2402;1247;22;22;4;28;9;690;97;Matches
606;Tomás Rincón;ve VEN;MF;Santos;35;1988;13.2;711;29;180;427;109;15;711;9;6;66.7;3;33.3;404;1947;897;9;8;1;6;11;446;15;Matches
607;Richard Ríos;co COL;MF;Palmeiras;22;2000;20.6;1073;24;178;615;303;26;1073;62;46;74.2;11;17.7;603;3383;1563;41;27;9;46;34;655;67;Matches
608;Robert;br BRA;MF,FW;Cruzeiro;17;2005;2.1;77;1;15;24;40;9;77;7;3;42.9;4;57.1;48;264;158;4;3;3;7;0;51;19;Matches
609;Zé Roberto;br BRA;FW,MF;Coritiba;29;1993;5.8;200;7;14;100;89;14;200;9;2;22.2;6;66.7;118;513;179;7;10;0;16;14;150;27;Matches
610;Robson;br BRA;MF,FW;Coritiba;31;1991;26.1;1055;40;182;472;412;72;1047;49;18;36.7;24;49.0;560;2634;1237;32;24;6;52;38;686;146;Matches
611;Kaique Rocha;br BRA;DF;Ath Paranaense;21;2001;7.2;393;80;221;161;14;10;393;5;5;100.0;0;0.0;190;868;499;2;0;0;4;0;240;0;Matches
612;Marcos Rocha;br BRA;DF;Palmeiras;34;1988;14.0;1168;54;379;607;197;6;1168;16;11;68.8;5;31.3;625;3083;1900;20;11;3;7;3;730;31;Matches
613;Pedro Rocha Neves;br BRA;FW;Fortaleza;28;1994;0.4;15;0;0;8;7;0;15;4;0;0.0;4;100.0;10;82;33;2;2;0;0;0;11;3;Matches
614;Sergio Rochet;uy URU;GK;Internacional;29;1993;19.0;569;506;567;2;0;0;569;2;2;100.0;0;0.0;311;1856;1138;0;0;0;0;0;207;0;Matches
615;Rodrigo;br BRA;MF,FW;São Paulo;18;2004;2.6;197;4;21;94;85;9;197;16;8;50.0;7;43.8;126;811;388;13;10;1;11;1;147;21;Matches
616;James Rodríguez;co COL;MF,FW;São Paulo;31;1991;7.1;534;2;46;295;199;14;533;15;11;73.3;4;26.7;334;1552;702;12;12;4;9;14;412;44;Matches
617;Rodriguinho;br BRA;DF,MF;América (MG);19;2003;13.9;802;26;172;363;275;26;802;38;14;36.8;19;50.0;458;2892;1405;50;42;11;23;13;488;96;Matches
618;Matías Rojas;py PAR;MF,FW;Corinthians;27;1995;7.0;420;5;48;230;145;11;420;14;5;35.7;9;64.3;232;1124;469;13;5;3;13;11;307;27;Matches
619;Romarinho;br BRA;FW,MF;Fortaleza;28;1994;3.2;206;1;20;97;95;17;206;34;18;52.9;16;47.1;153;1035;535;21;10;6;9;10;163;30;Matches
620;Ángel Romero;py PAR;FW;Corinthians;30;1992;13.3;688;19;104;269;321;33;688;60;14;23.3;42;70.0;437;2524;1202;41;34;4;25;12;512;131;Matches
621;Silvio Romero;ar ARG;FW;Fortaleza;34;1988;4.4;114;4;9;53;54;20;114;5;2;40.0;3;60.0;64;239;72;3;3;0;6;4;81;27;Matches
622;Rômulo;br BRA;FW,MF;Ath Paranaense;20;2002;5.7;273;6;52;110;115;27;273;18;11;61.1;6;33.3;127;765;371;13;6;1;12;8;157;39;Matches
623;Romulo;br BRA;MF,DF;Internacional;22;2000;13.5;777;36;183;453;148;14;777;10;3;30.0;5;50.0;456;2547;1034;12;16;1;18;7;509;29;Matches
624;Ronald;br BRA;MF;Grêmio;19;2003;4.6;294;13;47;195;54;10;294;0;0;;0;;144;516;236;3;4;0;8;0;187;4;Matches
625;Ronald;br BRA;MF;Cuiabá;25;1997;6.5;450;13;77;214;167;10;450;17;8;47.1;7;41.2;257;1720;846;24;24;0;18;15;296;21;Matches
626;Budiga Roni;br BRA;MF;Corinthians;23;1999;7.5;489;22;135;315;40;2;489;3;2;66.7;1;33.3;288;1093;447;4;1;0;7;3;330;1;Matches
627;Lucas Ronier;br BRA;FW,MF;Coritiba;18;2004;0.6;39;0;6;16;17;2;39;2;1;50.0;0;0.0;26;200;106;4;3;1;2;3;31;3;Matches
628;Rony;br BRA;FW;Palmeiras;27;1995;18.2;405;14;32;118;256;86;405;18;6;33.3;10;55.6;225;1124;383;17;4;8;35;10;304;99;Matches
629;Vitor Roque;br BRA;FW;Ath Paranaense;17;2005;19.0;494;3;25;201;278;95;494;83;33;39.8;39;47.0;324;2074;912;40;27;24;41;33;340;111;Matches
630;Diego Rosa;br BRA;MF,DF;Bahia;20;2002;2.7;186;1;40;120;29;2;186;8;2;25.0;4;50.0;99;495;220;3;1;0;3;4;103;5;Matches
631;Rossi;br BRA;MF,FW;Vasco da Gama;29;1993;4.4;219;1;24;84;112;10;219;7;2;28.6;3;42.9;116;482;199;6;3;3;13;3;152;48;Matches
632;Agustín Rossi;ar ARG;GK;Flamengo;27;1995;15.0;537;384;527;10;0;0;537;0;0;;0;;335;1877;1286;0;0;0;0;0;262;0;Matches
633;Rubens;br BRA;DF,MF;Atlético Mineiro;21;2001;15.0;1011;65;291;441;287;27;1011;23;14;60.9;8;34.8;477;2255;1124;39;19;12;13;19;569;88;Matches
634;Daniel Ruiz Rivera;co COL;FW,MF;Santos;21;2001;2.7;137;0;22;50;68;6;137;13;6;46.2;7;53.8;81;476;225;5;3;2;5;5;91;15;Matches
635;Rwan;br BRA;MF,FW;Vasco da Gama;21;2001;0.4;14;0;0;7;7;1;14;0;0;;0;;11;27;6;0;1;0;3;1;13;2;Matches
636;João Victor Santos Sá;br BRA;FW;Botafogo (RJ);28;1994;23.6;1043;16;144;450;459;86;1043;72;32;44.4;31;43.1;620;3983;2035;73;37;34;41;23;719;226;Matches
637;Arthur Sales;br BRA;FW,MF;Bahia;20;2002;3.2;159;2;7;67;86;21;159;5;0;0.0;4;80.0;85;394;166;4;5;2;10;10;117;27;Matches
638;Andreas Samaris;gr GRE;MF;Coritiba;33;1989;2.0;108;4;35;65;8;2;108;0;0;;0;;54;208;77;1;0;0;3;1;68;0;Matches
639;Philipe Sampaio;br BRA;DF;Botafogo (RJ);28;1994;5.5;371;47;170;196;5;4;371;1;0;0.0;1;100.0;237;1257;722;4;0;0;1;0;249;0;Matches
640;Sander;br BRA;DF;Goiás;32;1990;17.1;1208;70;341;526;355;10;1208;33;12;36.4;20;60.6;546;2605;1547;30;33;2;13;9;621;87;Matches
641;Sandry;br BRA;MF;Santos;20;2002;2.1;124;4;29;72;24;1;124;1;1;100.0;0;0.0;72;315;120;0;0;0;4;4;84;3;Matches
642;Alex Santana;br BRA;MF;Ath Paranaense;27;1995;11.1;540;14;95;352;103;14;540;15;8;53.3;5;33.3;322;1953;1108;20;24;0;15;9;383;17;Matches
643;Santos;br BRA;GK;Flamengo;32;1990;5.4;203;114;186;17;0;0;203;0;0;;0;;126;698;489;0;0;0;0;0;112;0;Matches
644;Ademir Santos;br BRA;FW,MF;Bahia;27;1995;19.3;855;4;79;360;440;57;855;90;39;43.3;38;42.2;558;4485;2495;83;52;17;43;27;616;182;Matches
645;Allyson Aires dos Santos;br BRA;DF;Cuiabá;32;1990;12.6;626;105;346;271;12;7;626;4;4;100.0;0;0.0;336;1695;879;5;0;0;13;0;368;0;Matches
646;Andrey Santos;br BRA;MF;Vasco da Gama;18;2004;4.7;197;10;59;104;35;9;197;4;1;25.0;2;50.0;89;430;189;4;1;0;6;1;106;12;Matches
647;Bruno Araújo dos Santos;br BRA;DF;Goiás;29;1993;5.0;281;33;81;129;72;6;281;4;2;50.0;1;25.0;129;553;291;4;4;2;11;5;128;14;Matches
648;Eduardo Santos;br BRA;DF;Bragantino;25;1997;11.3;665;112;336;307;32;10;665;17;12;70.6;4;23.5;376;2286;1285;11;8;1;5;5;390;2;Matches
649;Fábio Santos;br BRA;DF;Corinthians;37;1985;18.6;1286;87;431;584;285;14;1281;8;4;50.0;1;12.5;675;3020;1639;24;20;1;13;3;810;59;Matches
650;Juan Santos;br BRA;FW;São Paulo;20;2002;14.2;460;16;59;166;241;63;460;42;21;50.0;15;35.7;297;1908;924;32;15;13;29;19;351;124;Matches
651;Júnior Santos;br BRA;FW;Botafogo (RJ);28;1994;24.0;1142;27;122;477;572;94;1142;158;75;47.5;70;44.3;770;6579;3433;121;87;32;82;45;857;207;Matches
652;Kauan Santos;br BRA;FW;Palmeiras;18;2004;0.0;2;0;0;1;1;1;2;0;0;;0;;1;17;17;1;0;1;0;0;1;0;Matches
653;Luis Eduardo Marques dos Santos;br BRA;DF;Fortaleza;25;1997;4.3;267;16;84;115;71;0;267;4;2;50.0;2;50.0;139;600;302;5;3;0;5;1;142;25;Matches
654;Matheus Santos;br BRA;FW,MF;Goiás;24;1998;2.2;101;2;11;37;55;3;101;13;4;30.8;6;46.2;66;485;117;6;7;2;10;9;78;18;Matches
655;Pedrinho Santos;br BRA;FW,MF;Corinthians;16;2006;6.9;310;3;43;129;143;20;310;40;18;45.0;18;45.0;204;1721;795;26;15;5;20;4;226;52;Matches
656;Renzo Saravia;ar ARG;DF;Atlético Mineiro;29;1993;19.0;1252;64;328;687;248;10;1252;51;25;49.0;23;45.1;649;3525;1899;40;35;2;38;18;694;66;Matches
657;Eduardo Sasha;br BRA;FW,MF;Bragantino;30;1992;24.8;925;19;58;407;466;101;922;31;13;41.9;16;51.6;541;2072;855;23;27;8;48;25;680;141;Matches
658;Lucas Sasha;br BRA;MF;Fortaleza;32;1990;11.3;685;32;157;454;85;17;685;8;4;50.0;4;50.0;321;1281;598;7;5;3;6;3;394;16;Matches
659;Gustavo Sauer;br BRA;FW,MF;Botafogo (RJ);29;1993;2.9;119;1;12;49;60;5;119;9;7;77.8;1;11.1;74;483;182;5;6;1;7;5;83;18;Matches
660;Cleiton Schwengber;br BRA;GK;Bragantino;25;1997;33.0;1102;792;1080;21;2;2;1102;1;1;100.0;0;0.0;614;3550;2207;0;0;0;0;0;455;0;Matches
661;Luis Segovia;ec ECU;DF;Botafogo (RJ);25;1997;1.1;52;6;29;22;1;0;52;0;0;;0;;39;255;177;1;0;0;1;0;38;0;Matches
662;Matias Segovia;py PAR;FW;Botafogo (RJ);20;2003;7.2;437;7;76;189;177;26;437;31;12;38.7;15;48.4;317;2124;1046;43;22;15;25;9;320;74;Matches
663;Sidimar;br BRA;DF;Goiás;30;1992;11.2;526;115;299;205;23;14;526;2;0;0.0;0;0.0;228;1051;553;1;2;1;1;1;284;0;Matches
664;Aderlan Silva;br BRA;DF;Bragantino;32;1990;15.8;1213;56;328;548;342;14;1213;24;12;50.0;10;41.7;522;2356;1196;23;19;6;15;4;612;41;Matches
665;Gabriel Silva;br BRA;FW,MF;Coritiba;20;2002;1.0;35;0;5;15;17;1;35;1;0;0.0;1;100.0;20;114;64;2;2;0;4;2;21;7;Matches
666;Lucas Silva;br BRA;MF;Cruzeiro;29;1993;16.4;1073;20;146;661;288;10;1073;46;32;69.6;12;26.1;652;3667;1744;31;32;4;22;18;741;40;Matches
667;Lucas Silva;br BRA;MF;Grêmio;29;1993;2.5;169;9;40;116;14;0;169;3;3;100.0;0;0.0;105;509;173;3;3;0;3;5;110;2;Matches
668;Nathan Silva;br BRA;DF;Atlético Mineiro;25;1997;4.0;262;26;155;103;5;3;262;1;0;0.0;0;0.0;180;1109;820;4;2;0;0;0;195;1;Matches
669;Ricardo Silva;br BRA;DF;América (MG);30;1992;17.9;820;123;429;372;27;12;820;5;5;100.0;0;0.0;361;1581;892;10;4;1;6;2;404;1;Matches
670;Wellington Silva;br BRA;FW;Cuiabá;30;1993;14.8;596;12;88;223;305;53;596;89;51;57.3;26;29.2;381;3299;1801;64;52;20;32;9;405;109;Matches
671;Maximiliano Silvera;uy URU;MF,FW;Santos;25;1997;5.0;198;2;22;79;103;24;198;17;5;29.4;10;58.8;111;615;215;10;10;3;17;9;129;36;Matches
672;Simioni;br BRA;MF;Goiás;19;2003;0.5;14;3;6;7;1;0;14;0;0;;0;;3;30;7;0;0;0;1;2;2;0;Matches
673;Jailson Siqueira;br BRA;MF,DF;Palmeiras;27;1995;1.8;76;3;17;39;22;5;76;1;0;0.0;1;100.0;37;131;51;0;0;0;1;1;44;3;Matches
674;Islam Slimani;dz ALG;FW;Coritiba;34;1988;9.1;305;15;24;151;131;39;305;5;2;40.0;3;60.0;164;592;187;3;2;1;25;14;230;40;Matches
675;Everton Soares;br BRA;FW,MF;Flamengo;26;1996;19.3;967;13;80;271;632;83;967;126;54;42.9;61;48.4;630;4573;2395;85;53;34;24;25;658;217;Matches
676;Tiquinho Soares;br BRA;FW;Botafogo (RJ);32;1991;27.1;987;31;71;511;415;126;980;63;35;55.6;23;36.5;589;2470;925;25;23;6;84;58;775;152;Matches
677;Fernando Sobral;br BRA;MF;Cuiabá;28;1994;21.1;1177;29;225;630;333;13;1177;40;24;60.0;8;20.0;671;3982;2072;55;44;4;29;24;786;76;Matches
678;Yeferson Soteldo;ve VEN;FW,MF;Santos;25;1997;17.3;815;6;54;336;441;68;815;125;64;51.2;49;39.2;609;5689;3191;120;70;41;36;49;628;157;Matches
679;Yago Souza;br BRA;MF;América (MG);16;2006;0.2;7;0;0;2;5;0;7;2;1;50.0;1;50.0;7;61;12;0;1;0;0;0;7;2;Matches
680;Everaldo Stum;br BRA;FW;Bahia;31;1991;24.2;703;17;37;347;330;100;701;35;14;40.0;18;51.4;356;1981;872;36;27;19;59;20;514;138;Matches
681;Luis Suárez;uy URU;FW;Grêmio;36;1987;32.0;1433;9;33;566;844;206;1431;92;34;37.0;50;54.3;837;2963;1273;36;25;19;75;35;1164;300;Matches
682;Bruno Tabata;br BRA;MF,FW;Palmeiras;25;1997;1.4;89;0;7;44;39;4;89;9;4;44.4;4;44.4;53;366;182;6;7;0;3;1;66;19;Matches
683;Tadeu;br BRA;GK;Goiás;30;1992;35.0;1275;1071;1262;13;1;0;1275;1;1;100.0;0;0.0;647;3876;2770;0;0;0;0;0;450;0;Matches
684;Talisson;br BRA;FW;Bragantino;20;2002;1.7;72;2;14;15;45;9;72;13;5;38.5;8;61.5;46;300;208;9;4;3;5;3;48;11;Matches
685;Tchê Tchê;br BRA;MF,DF;Botafogo (RJ);30;1992;29.5;1549;33;231;894;443;21;1549;58;32;55.2;17;29.3;995;5549;2600;45;42;5;40;33;1163;65;Matches
686;Alex Teixeira;br BRA;FW,MF;Vasco da Gama;33;1990;12.6;427;5;47;211;178;45;427;43;20;46.5;20;46.5;286;1958;957;27;24;10;24;9;322;59;Matches
687;David Terans;uy URU;MF,FW;Ath Paranaense;28;1994;4.4;181;1;18;81;86;12;181;9;7;77.8;1;11.1;126;585;252;5;7;1;12;13;139;32;Matches
688;Miguel Terceros;bo BOL;MF,FW;Santos;18;2004;0.4;24;0;6;12;7;0;24;0;0;;0;;16;86;41;1;2;0;1;0;16;0;Matches
689;Thaciano;br BRA;MF,FW;Bahia;27;1995;32.1;1414;41;238;782;411;96;1412;50;26;52.0;22;44.0;774;3571;1489;31;31;9;44;17;923;125;Matches
690;Thiago;br BRA;FW,MF;Ath Paranaense;22;2000;2.5;113;1;17;50;50;3;113;12;7;58.3;4;33.3;66;427;166;4;5;2;10;1;80;17;Matches
691;Guilherme Tinga;br BRA;DF;Fortaleza;29;1993;28.7;1838;131;547;881;436;46;1838;41;31;75.6;9;22.0;869;4571;2603;50;40;4;22;7;978;117;Matches
692;Titi;br BRA;DF;Fortaleza;34;1988;31.6;1693;188;763;887;53;13;1693;6;4;66.7;2;33.3;1006;5217;3124;17;12;3;20;7;1048;2;Matches
693;Stênio Toledo;br BRA;FW,MF;Cruzeiro;19;2003;3.2;169;4;21;56;96;17;169;14;4;28.6;9;64.3;120;856;322;13;5;6;11;10;125;44;Matches
694;Uendel;br BRA;DF;Cuiabá;34;1988;4.0;170;14;43;75;55;1;170;3;0;0.0;3;100.0;76;320;212;6;3;0;2;1;97;10;Matches
695;Júnior Urso;br BRA;MF;Coritiba;33;1989;3.3;160;5;29;106;27;6;160;11;5;45.5;2;18.2;101;485;237;4;4;2;5;5;118;4;Matches
696;Bruno Uvini;br BRA;DF;Grêmio;31;1991;16.1;683;101;298;342;44;24;683;1;1;100.0;0;0.0;287;1148;550;3;3;0;4;1;329;1;Matches
697;Enner Valencia;ec ECU;FW;Internacional;33;1989;16.0;492;14;25;185;288;102;490;59;16;27.1;35;59.3;336;2176;996;44;26;32;55;29;394;147;Matches
698;Vanderlan;br BRA;DF;Palmeiras;20;2002;10.1;472;26;156;179;143;17;472;23;12;52.2;9;39.1;216;1166;549;20;11;6;8;8;246;61;Matches
699;Rodrigo Varanda;br BRA;FW,MF;América (MG);20;2003;5.7;277;5;41;132;114;25;277;29;14;48.3;11;37.9;170;1352;607;18;15;6;23;13;186;40;Matches
700;Guillermo Varela;uy URU;DF;Flamengo;29;1993;2.6;170;7;35;92;44;1;170;3;2;66.7;1;33.3;109;526;272;6;9;0;1;0;122;14;Matches
701;Eduardo Vargas;cl CHI;FW;Atlético Mineiro;33;1989;5.2;197;2;13;102;86;18;197;10;7;70.0;2;20.0;131;792;280;6;5;1;13;9;156;25;Matches
702;Pablo Vegetti;ar ARG;FW;Vasco da Gama;34;1988;19.9;579;39;67;276;238;110;577;13;6;46.2;7;53.8;261;992;255;10;2;3;41;22;413;70;Matches
703;Raphael Veiga;br BRA;MF;Palmeiras;27;1995;27.3;1472;20;114;676;702;55;1470;64;30;46.9;27;42.2;833;5119;2680;80;72;9;36;22;983;121;Matches
704;Fausto Vera;ar ARG;MF;Corinthians;22;2000;15.3;1002;48;300;598;114;8;1002;20;10;50.0;8;40.0;603;3053;1538;15;17;1;16;16;701;16;Matches
705;Patrick Verhon;br BRA;FW;Bahia;18;2004;0.0;1;0;1;0;0;0;1;0;0;;0;;0;0;0;0;0;0;0;0;0;0;Matches
706;Lucas Veríssimo;br BRA;DF;Corinthians;27;1995;14.5;934;145;488;411;36;23;934;4;2;50.0;2;50.0;525;2459;1328;4;2;0;6;0;634;3;Matches
707;Bruno Viana;br BRA;DF;Coritiba;27;1995;9.0;515;72;260;245;10;3;515;1;1;100.0;0;0.0;274;1311;707;4;3;0;1;0;312;1;Matches
708;Marcos Victor;br BRA;DF;Bahia;21;2001;0.1;12;0;3;4;5;0;12;0;0;;0;;8;50;21;0;2;0;1;0;7;0;Matches
709;Paulo Victor;br BRA;DF;Vasco da Gama;21;2001;0.1;2;0;2;0;0;0;2;0;0;;0;;0;0;0;0;0;0;0;0;0;0;Matches
710;Arturo Vidal;cl CHI;MF;Ath Paranaense;35;1987;4.2;218;3;40;118;61;7;218;4;1;25.0;3;75.0;115;394;110;1;4;0;5;8;147;18;Matches
711;Arturo Vidal;cl CHI;MF,DF;Flamengo;35;1987;2.8;231;8;39;118;75;8;231;1;0;0.0;1;100.0;130;403;206;2;2;0;2;3;189;12;Matches
712;Felipe Vieira;;DF;Fluminense;;;2.3;129;14;49;53;27;3;129;2;1;50.0;1;50.0;59;243;117;3;1;0;1;0;77;3;Matches
713;Luan Vieira;br BRA;FW,MF;Grêmio;29;1993;0.6;57;1;3;33;21;0;57;3;3;100.0;0;0.0;32;126;55;0;1;0;3;1;43;1;Matches
714;Gustavo Vilar;br BRA;DF;Coritiba;22;2000;1.0;64;4;28;35;1;0;64;0;0;;0;;35;123;47;0;0;0;0;0;46;0;Matches
715;Pedro Vilhena;br BRA;FW;São Paulo;20;2002;0.2;19;0;2;3;14;1;19;2;1;50.0;1;50.0;13;121;78;4;2;1;0;1;15;2;Matches
716;Mathías Villasanti;py PAR;MF;Grêmio;26;1997;29.4;1717;84;359;1056;326;25;1717;52;21;40.4;26;50.0;913;4245;2022;32;32;7;39;19;1004;32;Matches
717;Marcos Vinicios Sorriso;br BRA;FW,DF;Bragantino;21;2001;10.4;637;7;67;232;349;35;637;43;18;41.9;18;41.9;362;2392;1159;40;30;7;40;25;415;128;Matches
718;Vinicius;br BRA;MF;Santos;23;1999;0.3;7;0;1;5;1;0;7;0;0;;0;;6;12;4;0;0;0;1;1;6;0;Matches
719;Vinícius;br BRA;FW;Goiás;29;1993;13.0;650;17;96;239;327;41;650;42;24;57.1;17;40.5;385;2656;1369;39;34;12;22;10;464;123;Matches
720;Vinícius;br BRA;FW;Grêmio;31;1991;7.3;411;4;38;245;131;14;411;10;7;70.0;2;20.0;265;1057;529;11;9;2;15;5;330;39;Matches
721;Marcos Vinicius;br BRA;DF,MF;Coritiba;25;1997;1.9;105;9;45;45;17;0;105;4;3;75.0;1;25.0;40;209;114;3;1;0;1;1;39;2;Matches
722;Mateus Vital;br BRA;MF;Cruzeiro;24;1998;20.9;1125;16;136;553;457;46;1125;72;36;50.0;31;43.1;706;4570;2097;55;46;10;47;36;819;126;Matches
723;Vitão;br BRA;DF;Internacional;22;2000;22.7;1292;152;532;721;45;19;1292;8;7;87.5;0;0.0;776;3962;2450;13;10;0;6;2;876;4;Matches
724;Vitão;br BRA;DF;Cuiabá;22;2000;0.1;2;2;2;0;0;0;2;0;0;;0;;0;0;0;0;0;0;0;0;0;0;Matches
725;Vitinho;br BRA;FW,MF;Bragantino;23;1999;22.8;1194;18;95;405;708;102;1194;84;32;38.1;39;46.4;774;4448;2314;76;67;36;54;46;857;244;Matches
726;José Vitor;br BRA;DF;Vasco da Gama;20;2002;1.2;74;17;38;30;6;1;74;0;0;;0;;48;247;92;0;0;0;0;0;56;2;Matches
727;Paulo Vitor;br BRA;MF,DF;Cruzeiro;23;1999;1.4;91;3;12;40;40;1;91;4;1;25.0;3;75.0;76;498;150;2;2;0;2;2;72;19;Matches
728;Paulo Vitor;br BRA;MF;Atlético Mineiro;18;2004;0.2;19;0;7;11;1;0;19;0;0;;0;;11;29;11;0;0;0;1;0;18;0;Matches
729;Rayan Vitor;br BRA;FW,MF;Vasco da Gama;16;2006;2.9;118;3;7;48;64;20;118;11;5;45.5;6;54.5;79;381;193;5;7;3;5;4;92;18;Matches
730;Vladimir;br BRA;GK;Santos;33;1989;2.3;57;53;57;0;0;0;57;0;0;;0;;34;127;70;0;0;0;0;0;17;0;Matches
731;Walter;br BRA;GK;Cuiabá;35;1987;35.0;979;864;977;2;0;0;979;0;0;;0;;474;2960;2227;0;0;0;0;0;320;0;Matches
732;Talles Wander;br BRA;FW,MF;São Paulo;19;2003;0.2;9;1;1;4;4;3;9;0;0;;0;;4;97;11;1;2;0;0;2;5;1;Matches
733;Wanderson;br BRA;DF;América (MG);31;1991;5.6;217;42;127;84;7;2;217;0;0;;0;;95;513;294;2;0;0;0;0;105;0;Matches
734;Wanderson;br BRA;FW,MF;Internacional;28;1994;26.0;1074;21;152;435;517;75;1074;122;67;54.9;41;33.6;683;4921;2582;97;61;25;48;25;757;169;Matches
735;Deivid Washington;br BRA;FW;Santos;17;2005;4.7;145;5;13;72;64;20;145;20;9;45.0;9;45.0;77;550;275;11;9;6;13;8;90;13;Matches
736;Welington;br BRA;DF;São Paulo;21;2001;10.4;671;27;189;281;214;13;671;35;18;51.4;13;37.1;356;2091;1247;36;22;5;11;17;399;57;Matches
737;José Welison;br BRA;MF;Fortaleza;27;1995;18.6;1065;39;210;659;213;14;1065;26;19;73.1;5;19.2;560;2651;1353;19;23;3;15;18;629;31;Matches
738;João Wellington;br BRA;MF;Cruzeiro;19;2004;4.1;163;10;26;94;43;6;163;8;3;37.5;4;50.0;93;446;199;1;2;0;8;3;102;13;Matches
739;Wesley;br BRA;FW,MF;Cruzeiro;23;1999;19.7;852;14;85;361;423;75;852;82;39;47.6;31;37.8;528;3658;1988;65;38;22;53;21;622;186;Matches
740;Wesley;br BRA;DF;Flamengo;19;2003;27.9;1875;75;396;836;664;59;1875;79;31;39.2;41;51.9;1099;5194;2343;49;45;13;65;41;1209;291;Matches
741;Wesley;br BRA;DF;Grêmio;19;2004;1.0;46;2;13;22;12;0;46;1;1;100.0;0;0.0;21;107;55;1;0;0;2;0;25;1;Matches
742;Wéverton;br BRA;GK;Palmeiras;35;1987;35.0;1255;1011;1240;15;0;0;1255;0;0;;0;;714;3786;2327;0;0;0;0;0;596;0;Matches
743;William;br BRA;DF;Cruzeiro;27;1995;29.4;1964;75;486;902;589;35;1964;70;28;40.0;36;51.4;989;5479;3131;70;48;6;45;14;1088;157;Matches
744;Willian;br BRA;FW,MF;Ath Paranaense;36;1986;6.4;223;1;12;106;108;28;223;13;5;38.5;8;61.5;121;674;163;5;6;2;15;7;162;41;Matches
745;Willian;br BRA;MF;Goiás;29;1993;24.4;1298;94;398;789;123;17;1298;7;3;42.9;0;0.0;615;2361;1052;6;9;1;23;11;792;9;Matches
746;Xavier;br BRA;DF;Goiás;22;2000;0.7;;;;;;;;;;;;;;;;;;;;;;;Matches
747;Samuel Xavier;br BRA;DF;Fluminense;32;1990;23.4;1571;61;481;704;402;29;1571;25;11;44.0;10;40.0;884;4361;2227;42;27;5;16;15;996;62;Matches
748;Yago;br BRA;MF;Bahia;27;1995;15.1;811;22;181;477;162;9;811;8;5;62.5;2;25.0;443;1770;785;11;15;2;14;13;524;32;Matches
749;Vinícius Zanocelo;br BRA;MF,FW;Fortaleza;22;2001;0.9;86;2;11;54;22;5;86;1;1;100.0;0;0.0;51;251;76;1;2;1;4;2;51;2;Matches
750;Bruno Zapelli;ar ARG;MF,FW;Ath Paranaense;20;2002;12.7;754;4;72;386;301;34;754;52;24;46.2;25;48.1;427;2350;1183;35;27;5;26;29;527;71;Matches
751;Federico Zaracho;ar ARG;MF,FW;Atlético Mineiro;24;1998;21.6;1201;29;177;723;315;40;1201;38;27;71.1;7;18.4;654;2698;1167;16;22;4;43;32;766;74;Matches
752;Zinho;br BRA;FW,MF;Grêmio;19;2003;2.7;98;0;16;41;47;10;98;14;8;57.1;5;35.7;64;544;304;15;7;5;13;5;69;24;
